military_jesus;[Root.Religion.GetRandomGodName] Gives Military Advice;;;;;;;;;;;;;x
military_jesus_desc;This character seems to be blessed with the military advice of the divine.;;;;;;;;;;;;;x
voice_of_jesus;Voice of [Root.Religion.GetRandomGodName];;;;;;;;;;;;;x
voice_of_jesus_desc;Apparently the divine speaks to this character.;;;;;;;;;;;;;x
voice_of_satan;Voice of [Root.Religion.GetRandomEvilGodName];;;;;;;;;;;;;x
voice_of_satan_desc;Apparently the enemies of the faith speak to this character.;;;;;;;;;;;;;x
EVTOPTA1980;I like how this feels;;;;;;;;;;;;;x
EVTDESC1980;I find myself being drawn to others in new and exciting ways;;;;;;;;;;;;;x
EVTDESC1990;I find myself being drawn to others in new and exciting ways;;;;;;;;;;;;;x
EVTOPTALoR.886;Tell us more about this mythical realm of Malatra.;Dites-m'en plus sur ce royaume mythique d'Hindoustan.;Erzählt uns mehr über dieses mysteriöse Reich der Hindus.;;Cuéntanos más acerca de este mítico reino de Indostán.;;;;;;;;;x
CB_NAME_COUNTY_CONQUEST_desc;Rulers that follow the [Root.Religion.GetName] faith can conquer single border counties without specific reasons at the cost of 50 [This.Religion.GetPietyName].;;;;;;;;;;;;;x
muslim_county_conquest_desc;Rulers that follow the [Root.Religion.GetName] faith can conquer single border counties without specific reasons at the cost of 50 [This.Religion.GetPietyName].;;;;;;;;;;;;;x
true_christian_knight;Champion of the Estelar;;;;;;;;;;;;;x
DIPLOFLAVOR_INSULT_0;Tales of your misdeeds are told from Moonshae to Wa.;Vos méfaits sont connus depuis l'Irlande jusqu'à Cathay. ;von Euren Missetaten erzählt man sich von Irland bis China!;;Se cuentan historias de tus fechorías desde Irlanda hasta Catay.;;;;;;;;;x
DIPLOFLAVOR_INSULT_1;Your low character is the subject of Chessentan plays.;Votre bassesse est telle qu'elle a inspiré des pièces de théâtre grecques ! ;Euer niederer Charakter ist Mittelpunkt griechischer Theaterstücke!;;Tu escaso carácter es el tema de las obras de teatro griegas.;;;;;;;;;x
DIPLOFLAVOR_INSULT_muslim_2;May Fate ruin your house.;Qu'Allah détruise votre Maison ! ;möge Allah Euer Haus vernichten!;;Que Alá destruya tu casa.;;;;;;;;;x
HF_222_DESC;My servants apparently lost track of [child_of_destiny.GetFirstName] today, and it took hours to locate [child_of_destiny.GetHerHim]! [child_of_destiny.GetSheHeCap] was found in the nick of time, just before I was about to order a full-scale search. When they found [child_of_destiny.GetHerHim] [child_of_destiny.GetSheHe] was reading a book no one had ever seen before, written in lorass no less...;Mes serviteurs ont apparemment perdu la trace de [child_of_destiny.GetFirstName] aujourd'hui et cela a pris des heures pour [child_of_destiny.GetLeLa] retrouver, juste à temps avant que j'ordonne une recherche à grande échelle. [child_of_destiny.GetIlElleCap] lisait un livre que personne n'avait jamais vu auparavant, écrit en latin.;Meine Diener haben heute scheinbar [child_of_destiny.GetFirstName] verloren und es hat Stunden gedauert [child_of_destiny.Getihnsie] ausfindig zu machen! [child_of_destiny.GetSheHeCap] wurde gerade rechtzeitig gefunden, kurz bevor ich eine umfassende Suche anordnen wollte. Als sie [child_of_destiny.Getihnsie] fanden, las [child_of_destiny.GetSheHe] ein Buch, das zuvor noch niemand gesehen hat, geschrieben in Latein...;;¡Al parecer, hoy mis sirvientes perdieron la pista de [child_of_destiny.GetFirstName] y les llevó horas localizarlo! Solo lo hallaron en el último instante, cuando estaba a punto de organizar una batida general. Al encontrarlo, estaba leyendo un libro que nadie había visto, y encima en latín…;;;;;;;;;x
HF_222_OPTA;[child_of_destiny.GetFirstName], oh how you scared me...! And how do you know Loross?;[child_of_destiny.GetFirstName], vous m'avez fait très peur ! ... Et comment connaissez-vous le latin ?;[child_of_destiny.GetFirstName], ich habe mir solche Sorgen gemacht! Und woher kannst du Latein?;;¡Qué susto me has dado, [child_of_destiny.GetFirstName]! ¿Desde cuándo sabes latín?;;;;;;;;;x
EVTDESC_TOG_3306;The key fits the lock, and trembling with anticipation you slowly open the chest. It is filled with ancient gold coins, carved with the likeness of the long-dead Emperors of Netheril and words written in their strange language!;La clef entre dans la serrure et, tremblant d'excitation, vous ouvrez lentement le coffre. Il est rempli d'anciennes piËces d'or gravÈes d'un seau similaire ‡ celui des empereurs romains morts depuis des lustres et de mots Ècrits dans leur langue Ètrange†!;Der Schl¸ssel passt perfekt ins Schloss und zitternd vor Erwartung ˆffnet Ihr langsam die Truhe. Sie ist mit uralten Goldm¸nzen gef¸llt, die das Antlitz l‰ngst verstorbener, rˆmischer Imperatoren eingepr‰gt haben sowie Worte in ihrer fremden Sprache.;;La llave encaja en la cerradura, y temblando de emociÛn abres el cofre poco a poco. °Est· lleno de antiguas monedas de oro, talladas con la imagen de los Emperadores de Roma muertos hace mucho tiempo y palabras escritas en su extraÒo idioma!;;;;;;;;;x
EVTDESC_TOG_3300;As your men return from looting the holding, one of them hands you an unlocked chest with a faint arcane aura. Whatever is inside, must be magical.;;;;;;;;x
EVTOPTA_TOG_3300;I can't wait to see what's inside!;;;;;;;;x
EVTOPTB_TOG_3300;No, leave it.;;;;;;;;x
EVTDESC_TOG_3307;As you finally unlock the chest, an arcane aura fills the air. Whatever is inside, must be magical.;;;;;;;;x
EVTOPTA_TOG_3307;I can't wait to see what it is!;;;;;;;;x
EVTDESC_TOG_3309;As you finally unlock the chest, you feel a shiver down your spine. Suddenly, the chest opens on its own, springing into action and sporting rows of sharp teeth!;;;;;;;;x
EVTOPTA_TOG_3309;Have at thee, creature!;;;;;;;;x
EVTOPTB_TOG_3309;Aaaagh! Mimic!;;;;;;;;x
terrible_armor;Mundane Armor;;;;;;;;x
EVTDESC_TOG_611;[From.GetTitledFirstName] is brought up from your dungeons and escorted to the temple. As the noose is placed around [From.GetHerHis] neck, [From.GetSheHe] steadies [From.GetHerselfHimself] and murmurs several passages that you recognize as being from an Estelar holy book.;On escorte [From.Get_le_TitledFirstName] depuis les cachots jusqu'au temple. Pendant qu'on lui passe la corde autour du cou, [From.GetIlElle] se tient fermement et murmure plusieurs passages que vous reconnaissez comme provenant du livre sacrÈ des chrÈtiens.;[From.GetTitledFirstName] wird aus Eurem Verlies geholt und zum Tempel eskortiert. Als eine Schlinge um [From.GetHerHis]en Hals gelegt wird, bleibt [From.GetSheHe] standhaft und murmelt zahlreiche Verse, die Ihr als Passagen aus dem christlichen Heiligen Buch erkennt.;;[From.GetTitledFirstName] es traÌdo de tu mazmorra y escoltado al templo. Mientras le ponen la soga alrededor de [From.GetHerHis] cuello, [From.GetSheHe] se estabiliza a [From.GetHerselfHimself] y murmura varios pasajes que reconoces son del libro sagrado Cristiano.;;;;;;;;;x
EVTOPTA_TOG_611;Where are your gods now, [From.GetFirstName]?;Elle est o˘, maintenant, votre Sainte Vierge, [From.GetFirstName]†?;Wo ist Eure Heilige Jungfrau jetzt, [From.GetFirstName]?;;øDÛnde est· tu SantÌsima Virgen ahora, [From.GetFirstName]?;;;;;;;;;x
EVTOPTB_TOG_611;No, perhaps this is a bad idea...;Non, ce n'est peut-Ítre pas une bonne idÈe...;Nein, das ist vielleicht eine schlechte Idee...;;No, tal vez esto es una mala idea...;;;;;;;;;x
terrible_armor_desc;Extremely cheap ring mail armor.;;;;;;;;x
EVTOPTA_MNM_40000_SWORD;This sword will be known as Dragonslayer!;Cette ÈpÈe sera connue comme la Chasseuse de Dragon†!;Dieses Schwert wird als Drachensucher bekannt!;;°La espada se llamar· Buscacorazones!;;;;;;;;;x
EVTOPTA_MNM_40000_LANCE;This lance will be known as Suzail!;Cette lance sera connue sous le nom d'Ascalon†!;Diese Lanze wird als Askalon bekannt!;;°La lanza se llamar· AscalÛn!;;;;;;;;;x
EVTOPTB_MNM_40000_SWORD;My every foe shall fear Celestia's Vengeance!;Mes ennemis vont craindre la Vengeance des Cieux†!;Jeder Feind soll die Rache des Himmels f¸rchten!;;°Todos mis enemigos temer·n la Venganza del Cielo!;;;;;;;;;x
EVTOPTB_MNM_40000_LANCE;My every foe shall fear the Oceanic Trident!;Mes ennemis craindront ma Lance Sanglante†!;Jeder Feind soll die blutige Lanze f¸rchten!;;°Todos mis enemigos temer·n la Lanza Sangrienta!;;;;;;;;;x
EVTOPTB_MNM_40000_AXE;My every foe shall fear the Divine Devastator!;Mes ennemis craindront ma DÈvastatrice des Cieux†!;Jeder Feind soll den Himmelsverw¸ster f¸rchten! ;;°Todos mis enemigos temer·n la Devastadora del Cielo!;;;;;;;;;x
EVTOPTB_MNM_40000_ARMOR;This will be my Elven Armor.;Ce sera mon Armure Verte.;Diese R¸stung wird meine Gr¸ne R¸stung sein.;;Esta ser· mi Armadura verde;;;;;;;;;x
EVTOPTC_MNM_40000_SWORD;She looks like a [Root.Religion.GetHighGodName]'s Fury, doesn't she?;Elle ressemble ‡ la Furie [Root.Get_du_HighGod], n'est-ce pas†?;Es sieht wie der Zorn von [Root.Religion.GetHighGodName] aus, nicht?;;Parece la Furia de [Root.Religion.GetHighGodName], øverdad?;;;;;;;;;x
#####DnD Inspired Loc For Vanilla Crafted Weapons And Armor######
###TIER 4###
sword_tier_4_heartseeker;Dragonslayer +3;Chasseuse de Dragon +3;Drachensucher +3;;Buscacorazones +3;;;;;;;;;x
sword_tier_4_vengeance;Celestia's Vengeance +3;Vengeance des Cieux +3;Rache des Himmels +3;;Venganza del Cielo +3;;;;;;;;;x
sword_tier_4_fury;[Root.Religion.GetHighGodName]'s Fury +3;Furie [Root.Get_du_HighGod];[Root.Religion.GetHighGodName]s Zorn;;Furia de [Root.Religion.GetHighGodName];;;;;;;;;x
scimitar_tier_4_golden;Golden Vengeance +3;Vengeance DorÈe;Goldene Vergeltung;;Venganza dorada;;;;;;;;;x
scimitar_tier_4_fortune;Scimitar of the Night +3;Cimeterre de la Nuit;Krumms‰bel der Nacht;;Cimitarra de la Noche;;;;;;;;;x
scimitar_tier_4_conquest;Scimitar of Death +3;Cimeterre de la Mort;Krumms‰bel des Todes;;Cimitarra de la Muerte;;;;;;;;;x
lance_tier_4_impaler;Suzail +3;Suzail +3;Suzail +3;;Suzail +3;;;;;;;;;x
lance_tier_4_trident;Oceanic Trident +3;Lance Sanglante;Blutige Lanze;;Lanza Sangrienta;;;;;;;;;x
lance_tier_4_piercer;Death Strike +3;Coup Mortel;Todesstoﬂ;;Golpe de Muerte;;;;;;;;;x
axe_tier_4_cleaver;The Dragon Cleaver +3;Fendoir de Dragon;Drachenspalter;;Destripadragones;;;;;;;;;x
axe_tier_4_ravager;Divine Devastator +3;DÈvastatrice des Cieux;Himmelsverw¸ster;;Devastadora del Cielo;;;;;;;;;x
axe_tier_4_marauder;Darkbringer +3;Messager des TÈnËbres;Dunkelbringer;;Heraldo de Oscuridad;;;;;;;;;x
mace_tier_4_foe_hammer;Skullcrusher +3;Briseuse de Cr‚nes;Sch‰delzertr¸mmerer;;Partecr·neos;;;;;;;;;x
mace_tier_4_bone_breaker;Twilight's Hammer +3;Marteau du CrÈpuscule;Zwielicht Hammer;;Martillo del Crep˙sculo;;;;;;;;;x
mace_tier_4_shatterer;Giant Shatterer +3;GÈante Briseuse;Riesentˆter;;Desmenuzagigantes;;;;;;;;;x
bow_tier_4_silent_wind;Death Wind +3;Souffle de la Mort;Todeswind;;Viento de Muerte;;;;;;;;;x
bow_tier_4_lightning;Lightning Strike +3;Attaque Foudroyante;Blitzschlag;;Golpe rel·mpago;;;;;;;;;x
bow_tier_4_eagle;Ice Eagle +3;Aigle de Glace;Eisadler;;¡guila de hielo;;;;;;;;;x
armor_tier_4_guardian;Angelic Guardian +3;Gardienne AngÈlique;Engelsw‰chter;;Guardi·n angÈlico;;;;;;;;;x
armor_tier_4_champion;Elven Armor +3;Armure Verte;Gr¸ne R¸stung;;Armadura verdad;;;;;;;;;x
armor_tier_4_warden;Immortal +3;Immortelle;Unbezwingbar;;Inmortal;;;;;;;;;x
sword_tier_4_heartseeker_desc;A legendary blade said to rip through the flesh of Dragons.;Une lame lÈgendaire rÈputÈe fendre la chair des dragons.;Eine legend‰re Klinge, die angeblich durch das Fleisch von Drachen schneidet.;;Una hoja legendaria, se dice que;;;;;;;;;x
sword_tier_4_vengeance_desc;A legendary blade said to be the very embodiment of Heaven's anger.;Une lame lÈgendaire rÈputÈe Ítre l'incarnation mÍme de la colËre des Cieux.;Eine legend‰re Klinge, die angeblich die Verkˆrperung des Zorns des Himmels ist.;;Una hoja legendaria, se dice que;;;;;;;;;x
sword_tier_4_fury_desc;A legendary blade said to be crafted with the fury of [Root.Religion.GetHighGodName].;Une lame lÈgendaire conÁue avec la fureur [Root.Get_du_HighGod].;Eine legend‰re Klinge, die angeblich durch den Zorn von [Root.Religion.GetHighGodName] geschmiedet wurde.;;Una hoja legendaria, se dice que;;;;;;;;;x
scimitar_tier_4_golden_desc;A legendary scimitar crafted out of gold.;Un cimeterre lÈgendaire en or.;Ein legend‰rer Krumms‰bel aus Gold;;Una cimitarra legendaria hecha de oro;;;;;;;;;x
scimitar_tier_4_fortune_desc;A legendary scimitar rumored to be infused with all the souls of those who have died during the night.;Un cimeterre lÈgendaire dont la rumeur veut qu'il soit imprÈgnÈ de toutes les ‚mes de ceux qui sont morts pendant la nuit.;Ein legend‰rer Krumms‰bel, der angeblich mit den Seelen derer, die in der Nacht gestorben sind, gef¸llt ist.;;Una cimitarra legendaria supuestamente imbuida con el alma de quienes murieron de noche.;;;;;;;;;x
scimitar_tier_4_conquest_desc;A legendary scimitar rumored to be the embodiment of death.;Un cimeterre lÈgendaire qui serait l'incarnation de la mort.;Ein legend‰rer Krumms‰bel, der angeblich dem Tod selbst gehˆrte.;;Una cimitarra legendaria, se dice es la encarnaciÛn de la Muerte.;;;;;;;;;x
lance_tier_4_impaler_desc;Said to be the re-crafted legendary spear of King Azoun II.;RÈputÈe Ítre la lance lÈgendaire recrÈÈe de saint George.;Angeblich der legend‰re Speer des Heiligen Georgs.;;Se dice que es la recreaciÛn de la lanza legendaria de san Jorge.;;;;;;;;;x
lance_tier_4_trident_desc;A legendary trident that is said to be made with the bones of a great leviathan.;Une lance lÈgendaire qui saigne comme le Messie qu'elle a dÈj‡ percÈ.;Ein legend‰rer Speer, der angeblich so wie der Messias blutet, den er einst durchbohrt hat.;;Una lanza legendaria, se dice que sangra como el MesÌas al que atravesÛ.;;;;;;;;;x
lance_tier_4_piercer_desc;A legendary spear rumored to be able to pierce any material no matter how strong.;Une lance lÈgendaire reconnue pour Ítre capable de transpercer n'importe quel matÈriau.;Ein legend‰rer Speer, der jedes Material durchdringen kann.;;Un hacha legendaria de la que se rumorea puede atravesar cualquier material, no importa su fuerza.;;;;;;;;;x
axe_tier_4_cleaver_desc;A legendary ax said to have cleaved through countless dragons.;Une hache lÈgendaire qui aurait fendu d'innombrables dragons.;Eine legend‰re Axt, die unz‰hlige Drachen gespaltet haben soll.;;Un hacha legendaria, se dice ha rajado a innumerables dragones.;;;;;;;;;x
axe_tier_4_ravager_desc;A legendary ax rumored to have been wielded by [Root.Religion.GetHighGodName]'s messengers.;Une hache lÈgendaire qui aurait ÈtÈ brandie par les messagers [Root.Get_du_HighGod].;Eine legend‰re Axt, die angeblich dem Abgesandten von [Root.Religion.GetHighGodName] gehˆrte.;;Un hacha legendaria, se rumorea que fue blandida por los mensajeros de [Root.Religion.GetHighGodName].;;;;;;;;;x
axe_tier_4_marauder_desc;A legendary ax rumored to be infused by the very essence of night.;Une hache lÈgendaire qui serait imprÈgnÈe par l'essence mÍme de la nuit.;Eine legend‰re Axt. die angeblich von der Essenz der Nacht durchdrungen ist.;;Una maza legendaria supuestamente imbuida con la esencia de la noche.;;;;;;;;;x
mace_tier_4_foe_hammer_desc;A legendary mace said to have crushed an innumerable amount of foes.;Une masse lÈgendaire qui aurait ÈcrasÈ un nombre incalculable d'ennemis.;Ein legend‰rer Streitkolben, der Unmengen Feinde vernichtet haben soll.;;Una maza legendaria, se dice que ha aplastado cantidades ingentes de enemigos.;;;;;;;;;x
mace_tier_4_bone_breaker_desc;A legendary mace said to be infused by the very essence of night.;Une masse lÈgendaire qui serait imprÈgnÈe par l'essence mÍme de la nuit.;Ein legend‰rer Streitkolben, der angeblich von der Essenz der Nacht durchdrungen ist.;;Una maza legendaria supuestamente imbuida con la esencia de la noche.;;;;;;;;;x
mace_tier_4_shatterer_desc;A legendary mace said to be crafted out of the bones of giants.;Une masse lÈgendaire censÈe Ítre fabriquÈe ‡ partir des os des gÈants.;Ein legend‰rer Streitkolben, der angeblich aus den Knochen von Riesen geschmiedet wurde.;;Una maza legendaria, se cuenta que la hicieron con los huesos de gigantes.;;;;;;;;;x
bow_tier_4_silent_wind_desc;A legendary bow said to be infused with the souls of the dead.;Un arc lÈgendaire dit Ítre imprÈgnÈ des ‚mes des morts.;Ein legend‰rer Bogen, der angeblich mit den Seelen der Toten gef¸llt ist.;;Un arco legendario, supuestamente imbuido con las almas de los muertos.;;;;;;;;;x
bow_tier_4_lightning_desc;A legendary bow said to be crafted in the middle of a storm, and infused with its very essence.;Un arc lÈgendaire dit avoir ÈtÈ conÁu au milieu d'une tempÍte et imprÈgnÈ de son essence.;Ein legend‰rer Bogen, der angeblich inmitten eines Sturm geschmiedet wurde und mit seiner Essenz gef¸llt ist.;;Un arco legendario, se dice que lo hicieron durante una tormenta, cuya misma esencia tiene imbuida.;;;;;;;;;x
bow_tier_4_eagle_desc;A legendary bow said to have been crafted out of the bones a roc.;Un arc lÈgendaire dit avoir ÈtÈ fabriquÈ ‡ partir des os d'un aigle mythique.;Ein legend‰rer Bogen, der angeblich aus den Knochen eines mysteriˆsen Adlers gebaut wurde.;;Un arco legendario, se dice que fue hecho con los huesos de un ·guila mÌtica.;;;;;;;;;x
armor_tier_4_guardian_desc;A legendary armor rumored to be forged with pieces of a Solar's armor.;Une armure lÈgendaire qui aurait ÈtÈ portÈe par les anges.;Eine legend‰re R¸stung, die einst ein Engel getragen haben soll.;;Una armadura legendaria, se rumorea que la vistieron los ·ngeles.;;;;;;;;;x
armor_tier_4_champion_desc;A legendary armor said to be reforged from ancient elven cuirasses.;Une armure lÈgendaire qui aurait ÈtÈ portÈe par le chevalier vert des lÈgendes du roi Arthur.;Eine legend‰re R¸stung, die vom Gr¸nen Ritter der Legende von Arthur getragen worden sei.;;Una armadura legendaria, se dice que la vistiÛ el Caballero verde de las leyendas art˙ricas.;;;;;;;;;x
armor_tier_4_warden_desc;A legendary armor said to be indestructible by any mortal means.;Une armure lÈgendaire dite indestructible pour les mortels.;Eine legend‰re R¸stung, die angeblich mit sterblichen Mitteln unzerstˆrbar ist.;;Una armadura legendaria, se dice que es indestructible contra todos los medios mortales.;;;;;;;;;x
###TIER 1 2 3###
sword_tier_1;Masterwork Sword;…pÈe;Standardschwert;;Espada de caballero;;;;;;;;;x
sword_tier_1_desc;A common sword type worn by many in battle.;Un type d'ÈpÈe possÈdÈ par beaucoup sur le champ de bataille.;Ein gewˆhnliches Schwert, wie es von vielen in der Schlacht verwendet wird.;;Un tipo de espada com˙n muy utilizada en la batalla.;;;;;;;;;x
sword_tier_2;Longsword +1;…pÈe longue;Langschwert;;Espada larga;;;;;;;;;x
sword_tier_2_desc;An enchanted longsword of fine steel. A capable sword that will inflict great damage on its foes.;Une ÈpÈe longue en acier pur. Une ÈpÈe capable d'infliger de grands dÈg‚ts ‡ ses ennemis.;Ein Langschwert aus gutem Stahl. Brauchbares Schwert, das groﬂen Schaden anrichtet.;;Una espada larga de acero fino. Una espada con gran capacidad para infligir mucho daÒo a sus enemigos.;;;;;;;;;x
sword_tier_3_heartseeker;Heartseeker +2;La Transperceuse de Coeurs;Herzsucher;;Buscacorazones;;;;;;;;;x
sword_tier_3_heartseeker_desc;A high quality sword, known as Heartseeker. Named after its ability to pierce any armor, it is sure to bring enemies to a swift fate.;Une ÈpÈe de qualitÈ supÈrieure, connue sous le nom de la Transperceuse de Coeurs. NommÈe d'aprËs sa capacitÈ ‡ transpercer toute armure, elle apporte aux ennemis un destin rapide.;Qualitativ hochwertiges Schwert, das Herzsucher genannt wird, da es jede R¸stung durchdringen kann und dem Feind ein rasches Ende beschert.;;Una espada de gran calidad, conocida como Buscacorazones. Debe su nombre a su habilidad para perforar cualquier armadura y garantiza dirigir a tus enemigos a una muerte inminente.;;;;;;;;;x
sword_tier_3_vengeance;Vengeance +2;La Vengeresse;Vergeltung;;Venganza;;;;;;;;;x
sword_tier_3_vengeance_desc;Forged with cold iron, the sword was named Vengeance, to bring certain doom to any traitor.;ForgÈe avec le meilleur acier disponible, l'ÈpÈe a ÈtÈ appelÈe Vengeresse, pour apporter une condamnation certaine ‡ n'importe quel traÓtre.;Geschmiedet aus dem absolut hochwertigsten Stahl und gefertigt zum Zweck, einen Verr‰ter garantiert zur Strecke zu bringen.;;Esta espada, forjada con el mejor acero existente, recibiÛ el nombre de Venganza para acarrear la ruina a cualquier traidor.;;;;;;;;;x
sword_tier_3_fury;Fury +2;La Furie;Furie;;Furia;;;;;;;;;x
sword_tier_3_fury_desc;A great and magnificent sword known as Fury. Swift in hand-to-hand combat as well as battle, it is sure to bring victory to the one who wields it.;Une grande et magnifique ÈpÈe connue sous le nom de Furie. Rapide dans le combat au corps-‡-corps ainsi que dans la bataille, elle apporte la victoire ‡ celui qui la brandit.;Groﬂes und pr‰chtiges Schwert, das "Furie" getauft wurde. Gleichermaﬂen geeignet f¸r den Zweikampf und f¸r die Schlacht. Der Sieg ist seinem Tr‰ger so gut wie sicher.;;Una espada magnÌfica y gloriosa conocida como Furia. R·pida en combate cuerpo a cuerpo, asÌ como en la batalla. Traer· la victoria a quienquiera que la blanda.;;;;;;;;;x
scimitar_tier_1;Masterwork Scimitar;Cimeterre;Krumms‰bel;;Cimitarra;;;;;;;;;x
scimitar_tier_1_desc;A scimitar of finer quality than your common blade.;Un cimeterre de meilleure qualitÈ que la lame commune.;Ein Krumms‰bel in besserer Qualit‰t als die normale Blankwaffe.;;Una cimitarra de mejor calidad que una espada com˙n.;;;;;;;;;x
scimitar_tier_2;Scimitar +1;Cimeterre supÈrieur;Guter Krumms‰bel;;Cimitarra refinada;;;;;;;;;x
scimitar_tier_2_desc;A well-forged enchanted blade that can stand against most weapons.;Une lame bien forgÈe qui peut rÈsister ‡ la plupart des armes.;Eine kompetent geschmiedete Klinge, die mit den meisten Waffen mithalten kann.;;Una hoja bien forjada que puede resistir contra casi cualquier arma.;;;;;;;;;x
scimitar_tier_3_golden;The Golden Scimitar +2;Le Cimeterre d'Or;Goldener Krumms‰bel;;La Cimitarra Dorada;;;;;;;;;x
scimitar_tier_3_golden_desc;Named The Golden Scimitar, it is a weapon of exceptional quality forged by a master craftsman. The handle is adorned with ornaments made of gold and jewels.;NommÈ le Cimeterre d'Or, c'est une arme d'une qualitÈ exceptionnelle forgÈe par un maÓtre-artisan. Les ornements du manche sont faits d'or et de joyaux.;Diese Waffe namens "Goldener Krumms‰bel" wurde in auﬂerordentlicher Qualit‰t von einem Meister seines Faches geschmiedet. Heft und Knauf sind mit Ornamenten aus Gold und Edelsteinen verziert.;;Esta arma, llamada la Cimitarra Dorada, es de una calidad excepcional y est· forjada por un maestro artesano. La empuÒadura est· adornada con oro y joyas.;;;;;;;;;x
scimitar_tier_3_fortune;Scimitar of Fortune +2;Le Cimeterre de Fortune;Krumms‰bel des Gl¸cks;;Cimitarra de la Fortuna;;;;;;;;;x
scimitar_tier_3_fortune_desc;A blade of the finest steel and a handle inlaid with gold. Named the Scimitar of Fortune, it is said to bestow the owner with luck.;Une lame du meilleur acier et une poignÈe incrustÈe d'or. NommÈ le Cimeterre de Fortune, il est rÈputÈ confÈrer de la chance ‡ son dÈtenteur.;Eine Klinge aus bestem Stahl, in deren Heft Gold eingearbeitet wurde. Wie es heiﬂt, soll der Tr‰ger dieses S‰bels das Gl¸ck auf seiner Seite haben.;;Una hoja del acero m·s refinado y una empuÒadura taraceada con oro. Se dice que esta Cimitarra de Fortuna trae suerte a su propietario.;;;;;;;;;x
scimitar_tier_3_conquest;Scimitar of Conquest +2;Le Cimeterre de ConquÍte;S‰bel der Eroberung;;Cimitarra de Conquista;;;;;;;;;x
scimitar_tier_3_conquest_desc;Forged by the best of craftsmen, the Scimitar of Conquest is a blade of victory and triumph. Both handle and hilt are covered in diamonds.;ForgÈ par le meilleur des artisans, le Cimeterre de ConquÍte est une lame de victoire et de triomphe. La poignÈe est recouverte de diamants.;Der von den Meistern ihres Faches geschmiedete Krumms‰bel der Eroberung ist eine Klinge, die f¸r Sieg und Triumph steht. Knauf und Heft sind von Diamanten bedeckt.;;Forjada por el mejor artesano, la Cimitarra de Conquista es una hoja hecha para la victoria y el triunfo. Tanto el pomo como el puÒo est·n cubiertos de diamantes.;;;;;;;;;x
lance_tier_1;Masterwork Lance;Lance;Lanze;;Lanza;;;;;;;;;x
lance_tier_1_desc;A wooden lance with a metal tip attached, used by cavalry in combat.;Une lance en bois avec une pointe mÈtallique attachÈe, utilisÈe par la cavalerie en combat.;Eine Holzlanze mit Metallspitze, wie sie in der Schlacht von der Reiterei verwendet wird.;;Una lanza de madera con una punta met·lica fijada que usa la caballerÌa durante el combate.;;;;;;;;;x
lance_tier_2;Lance +1;Lance ‡ deux mains;Zweihandlanze;;Lanza de dos manos;;;;;;;;;x
lance_tier_2_desc;An enchanted lance, great for keeping your distance from the enemy while still being able to strike a lethal blow.;Avec cette lance plus longue, vous pouvez tenir l'ennemi ‡ distance tout en Ètant capable d'infliger un coup mortel.;Mit einer verl‰ngerten Lanze kann der Feind aus grˆﬂerer Entfernung bek‰mpft werden, ohne entscheidend an Effektivit‰t zu verlieren.;;Con una lanza m·s larga puedes mantener la distancia frente al enemigo y asestar un golpe letal al mismo tiempo.;;;;;;;;;x
lance_tier_3_impaler;The Impaler +2;L'Empaleuse;Der Pf‰hler;;La Empaladora;;;;;;;;;x
lance_tier_3_impaler_desc;A heavy lance named The Impaler. The weight alone will allow it to impale any lightly armored opponent during a charge.;Une lourde lance nommÈe L'Empaleuse. Le poids seul lui permettra d'empaler tout adversaire avec une armure lÈgËre lors d'une charge.;Eine schwere Lanze mit dem Namen "Der Pf‰hler". Allein durch ihr Gewicht kann ein leicht ger¸steter Gegner beim Ansturm zu Pferd von ihr aufgespieﬂt werden.;;Una lanza pesada llamada la Empaladora. Su peso le permite empalar a cualquier oponente con armadura ligera al atacarlo.;;;;;;;;;x
lance_tier_3_trident;The Trident +2;Le Trident;Der Dreizack;;Tridente;;;;;;;;;x
lance_tier_3_trident_desc;Enchanted tridents are favored by gladiators and sea dwellers.;NommÈ le Trident, cette lance est ÈquipÈe d'une longue pointe en mÈtal fait du meilleur acier.;Diese Lanze, getauft "Der Dreizack", wurde mit einer langen, schweren Metallspitze aus bestem Stahl versehen.;;Esta lanza, apodada Tridente, est· equipada con una punta met·lica pesada y larga del acero m·s refinado.;;;;;;;;;x
lance_tier_3_piercer;The Piercer +2;Le Transperceur;Der Durchbohrer;;La Perforadora;;;;;;;;;x
lance_tier_3_piercer_desc;Crafted to be long, yet sturdy, The Piercer will make short work of any enemy foolish enough to stand in your way.;FabriquÈ pour Ítre long, mais robuste, le Transperceur ne fera qu'une bouchÈe de n'importe quel ennemi assez stupide pour se tenir sur votre chemin.;Als lange Lanze in besonders stabiler Ausf¸hrung wird der Durchbohrer zuverl‰ssig jeden Feind unsch‰dlich machen, der dumm genug ist, sich ihr entgegenzustemmen.;;La Perforadora, creada para ser larga, pero robusta, liquidar· a cualquier enemigo que sea lo bastante necio como para meterse en tu camino.;;;;;;;;;x
axe_tier_1;Masterwork Axe;Hache de lancer;Wurfbeil;;Hacha arrojadiza;;;;;;;;;x
axe_tier_1_desc;A small and well-crafted axe commonly used in both melee combat and for throwing.;Une petite hache bien conÁue couramment utilisÈe dans le combat de mÍlÈe et pour le lancer.;Eine kleine, fachm‰nnisch hergestellte Axt, die sich f¸r den Nahkampf und zum Werfen eignet.;;Un hacha pequeÒa y de artesanÌa de calidad com˙nmente usada en combate cuerpo a cuerpo y como arma arrojadiza.;;;;;;;;;x
axe_tier_2;Battle Axe +1;Hache d'armes;Streitaxt;;Hacha de guerra;;;;;;;;;x
axe_tier_2_desc;An enchanted battle axe is able to give more cleaving power, making it more effective against armored foes.;Une hache d'armes plus grande est capable de donner plus de puissance au tranchant, ce qui le rend plus efficace contre les ennemis en armure.;Die etwas grˆﬂere Streitaxt entfaltet bessere Spalteigenschaften und kann es daher besser mit gepanzerten Feinden aufnehmen.;;Un hacha de guerra de mayor tamaÒo puede aumentar la capacidad de corte, lo que la vuelve m·s efectiva contra enemigos con armadura.;;;;;;;;;x
axe_tier_3_cleaver;Cleaver +2;Le Fendoir;Der Spalter;;Hoja Carnicera;;;;;;;;;x
axe_tier_3_cleaver_desc;A mighty battle axe named Cleaver. The size alone will make it easy to shred your opponents with a single strike.;Une puissante hache de combat nommÈe le Fendoir. La taille ‡ elle seule permettra de dÈchiqueter vos adversaires en un seul coup.;Eine m‰chtige Streitaxt, die "Der Spalter" getauft wurde. Nur wenige Gegner ¸berleben mehr als einen Treffer.;;Un hacha de guerra llamada Hoja Carnicera. Su tamaÒo logra que tritures a tus oponentes con un solo ataque.;;;;;;;;;x
axe_tier_3_ravager;Ravager +2;La Ravageuse;Verw¸ster;;Aniquiladora;;;;;;;;;x
axe_tier_3_ravager_desc;A long double bladed axe named Ravager. Crafted with high quality steel, the axe will wreak havoc among your enemies.;Une longue hache ‡ double lame nommÈe la Ravageuse. FabriquÈe avec de l'acier de haute qualitÈ, la hache causera des ravages parmi vos ennemis.;Eine lange Axt mit doppelseitiger Klinge, die man "Verw¸ster" getauft hat. Die Axt wird Chaos und Verw¸stung in den Reihen der Feinde verursachen.;;Un hacha de doble hoja llamada Aniquiladora. Esta hacha, forjada con acero de gran calidad, causar· estragos entre las filas enemigas.;;;;;;;;;x
axe_tier_3_marauder;Marauder +2;La Faucheuse;Marodeur;;Saqueadora;;;;;;;;;x
axe_tier_3_marauder_desc;Named Marauder, this exceptionally light weighted and well-crafted battle axe allows you to lay waste to your enemies without getting exhausted yourself.;Cette hache d'arme exceptionnellement lÈgËre et bien conÁue vous permet de dÈvaster vos ennemis sans vous Èpuiser.;Diese leichte und mit groﬂem Sachverstand gefertigte Axt erlaubt es ihrem Tr‰ger, den Feind in Schrecken zu versetzen, ohne sich dabei komplett verausgaben zu m¸ssen.;;Esta hacha de guerra llamada Saqueadora es especialmente ligera, est· muy bien hecha y te permitir· causar estragos a tus enemigos sin siquiera cansarte.;;;;;;;;;x
mace_tier_1;Masterwork Mace;Massue;Streitkolben;;Maza;;;;;;;;;x
mace_tier_1_desc;A mace made of an iron head mounted on a wooden shaft.;Une massue avec la partie haute en fer et le manche en bois.;Eine Keule aus einem eisernen Kopfst¸ck, das auf einem Holzschaft befestigt wurde.;;Una maza con cabeza de hierro y mango de madera.;;;;;;;;;x
mace_tier_2;Mace +1;Massue en fer;Eisenstreitkolben;;Maza de hierro;;;;;;;;;x
mace_tier_2_desc;An enchanted mace forged entirely out of iron that allow for more powerful blows.;Une massue forgÈe entiËrement en fer qui permet des coups plus puissants.;Ein Streitkolben, der komplett aus Eisen besteht und daher mehr Wucht in den Schlag bringt.;;Una maza totalmente hecha de hierro que permite golpes m·s fuertes.;;;;;;;;;x
mace_tier_3_foe_hammer;The Foe Hammer +2;L'Assommoir ‡ Ennemis;Feindeshammer;;El Martillo Enemigo;;;;;;;;;x
mace_tier_3_foe_hammer_desc;The Foe Hammer is a gigantic and well-balanced two handed mace that will make short work of any foe, armored or not.;L'Assommoir ‡ Ennemis est une massue gigantesque et ÈquilibrÈe ‡ deux mains pour ne faire qu'une bouchÈe de n'importe quel ennemi, en armure ou non.;Der "Feindeshammer" ¸berzeugt durch Grˆﬂe und Ausgewogenheit. Selbst eine R¸stung bietet vor dieser zweih‰ndig gef¸hrten Waffe nur wenig Schutz.;;El Martillo Enemigo es una maza gigante y bien equilibrada de dos manos que aniquilar· a cualquier enemigo, lleve o no armadura.;;;;;;;;;x
mace_tier_3_bone_breaker;The Bone Breaker +2;Le Briseur d'Os;Knochenbrecher;;La Rompehuesos;;;;;;;;;x
mace_tier_3_bone_breaker_desc;Known as The Bone Breaker, this two handed mace has a large and heavy head able to crush all opponents with its weight.;Connu sous le nom de Briseur d'Os, cette massue ‡ deux mains a une grosse et lourde tÍte capable d'Ècraser tous les adversaires avec son poids.;Der Zweihand-Streitkolben namens Knochenbrecher verf¸gt ¸ber ein groﬂes und schweres Kopfst¸ck, das den Gegner unter seinem Gewicht zermalmt.;;Esta maza de dos manos conocida como la Rompehuesos tiene una cabeza grande y pesada para aplastar con su peso a cualquier enemigo.;;;;;;;;;x
mace_tier_3_shatterer;The Shatterer +2;Le Fracasseur;Der Zerschmetterer;;La Quebrantadora;;;;;;;;;x
mace_tier_3_shatterer_desc;A large mace with spikes mounted on the head, named The Shatterer. For it will shatter your enemies, in both mind and body.;Une grosse massue avec des pointes montÈes sur la partie haute, nommÈe le Fracasseur. Car elle brisera vos ennemis, tant physiquement que psychologiquement.;Ein groﬂer Streitkolben, dessen Kopf mit Eisendornen versehen wurde. Sprengt nicht nur Sch‰del.;;Una maza grande llamada la Quebrantadora con pinchos en la cabeza. Se llama asÌ porque quebrantar· los cuerpos y las mentes de tus enemigos.;;;;;;;;;x
bow_tier_1;Masterwork Bow;Arc simple;Einfacher Bogen;;Arco simple;;;;;;;;;x
bow_tier_1_desc;A bow made from a single piece of fine wood.;Un arc fait ‡ partir d'un seul morceau de bois.;Ein Bogen, der aus einem einzigen St¸ck Holz hergestellt wurde.;;Un arco hecho de una ˙nica pieza de madera refinada.;;;;;;;;;x
bow_tier_2;Bow +1;Arc composite;Kompositbogen;;Arco compuesto;;;;;;;;;x
bow_tier_2_desc;A magic composite bow, constructed with a wooden core, glued together with horn and sinew. Allowing for a smaller bow with greater power.;Les arcs composites sont conÁus avec une base en bois sur laquelle sont collÈs de la corne et du tendon, et sont plus petits tout en Ètant plus puissants.;Ein Kompositbogen besteht aus einem Holzkern, der mit Kleber, Horn und Sehnen erweitert wird. Mit dieser Technik sind kleinere Bˆgen mit hˆherer Schusskraft mˆglich.;;Los arcos compuestos se fabrican con un cuerpo de madera encolado con hueso y tendones. Es un arco m·s pequeÒo con mayor potencia.;;;;;;;;;x
bow_tier_3_silent_wind;Silent Wind +2;Le Vent Silencieux;Stiller Wind;;Viento Silencioso;;;;;;;;;x
bow_tier_3_silent_wind_desc;A composite bow of the highest quality. It is named Silent Wind for being able to silently dispatch enemies.;Un arc composite de la plus haute qualitÈ. Il est nommÈ Vent Silencieux pour Ítre en mesure d'abattre silencieusement les ennemis.;Ein Kompositbogen der besten Qualit‰t. Der Name "Stiller Wind" deutet auf seine F‰higkeit hin, Feinde lautlos auszuschalten.;;Un arco compuesto de gran calidad. Se llama Viento Silencioso porque es capaz de despachar a los enemigos sin hacer ruido.;;;;;;;;;x
bow_tier_3_lightning;Lightning +2;L'…clair;Blitz;;Rel·mpago;;;;;;;;;x
bow_tier_3_lightning_desc;Named Lightning, this bow fires arrows infused with electricity, killing opponents in an instant.;NommÈ l'…clair, cet arc tire des flËches de feu ‡ une vitesse incroyable, tuant les adversaires en un instant.;Trifft sein Ziel mit der Wucht eines Blitzes, daher der Name.;;Este arco, conocido como Rel·mpago, lanza flechas con una fuerza increÌble, lo que mata a los oponentes en un instante.;;;;;;;;;x
bow_tier_3_eagle;Eagle +2;L'Aigle;Adler;;¡guila;;;;;;;;;x
bow_tier_3_eagle_desc;Known simply as Eagle. This enchanted bow can strike enemies at great distances with considerable precision.;Connu simplement comme l'Aigle. Cet arc exceptionnel peut frapper des ennemis trËs ÈloignÈs avec une prÈcision considÈrable.;Dieser auﬂerordentliche Bogen schieﬂt mit betr‰chtlicher Genauigkeit selbst ¸ber weiteste Entfernungen.;;Este arco excepcional, conocido como ¡guila, puede atacar a los enemigos a gran distancia con una precisiÛn considerable.;;;;;;;;;x
armor_tier_3_guardian;Guardian +2;Gardien;W‰chter-R¸stung;;Guardi·n;;;;;;;;;x
armor_tier_3_guardian_desc;This strong and sturdy set of armor offers unmatched protection in combat. It truly is the guardian of those it encases.;Cette armure robuste offre une protection inÈgalÈe au combat. C'est vraiment le gardien de celui qui la porte.;Diese starke und stabile R¸stung bietet einen un¸bertroffenen Schutz im Kampf. Sie ist wahrlich der W‰chter all jener, die sie tragen.;;Esta armadura fuerte y resistente ofrece protecciÛn sin igual en el combate. Es ciertamente guardi·n de lo que recubre.;;;;;;;;;x
armor_tier_1;Masterwork Chain Mail;Armure en cotte de mailles;Kettenr¸stung;;Armadura de cota de malla;;;;;;;;;x
armor_tier_1_desc;A basic set of armor made up of many small metal rings linked together.;Une armure basique composÈe de nombreux petits anneaux en mÈtal reliÈs entre eux.;Eine einfache R¸stung, die aus vielen kleinen Metallringen, die miteinander verbunden sind, besteht.;;Una armadura b·sica compuesta por muchos anillitos de metal unidos.;;;;;;;;;x
armor_tier_2;Plate Armor;Brigandine;Verst‰rkte Kettenr¸stung;;Armadura de placa y malla.;;;;;;;;;x
armor_tier_2_desc;More advanced than chain mail, this set of armor has plates of solid metal attached among the metal rings to protect vital weak spots.;Plus avancÈe que la cotte de mailles, cette armure comporte des plaques de mÈtal solide attachÈes entre les anneaux mÈtalliques pour protÈger les points vitaux.;Fortgeschrittener als die Kettenr¸stung besteht diese R¸stung aus massiven Metallplatten, die unter den Metallringen befestigt sind, um wichtige Stellen des Kˆrpers zu sch¸tzen.;;M·s avanzada que la cota de malla, esta armadura tiene placas de metal unidas con anillos de metal para proteger puntos vitales.;;;;;;;;;x
armor_tier_3_champion;Champion +2;Champion;Champion-R¸stung;;CampeÛn;;;;;;;;;x
armor_tier_3_champion_desc;Designed to strike fear into the hearts of men, this suit of armor safeguards its bearer so they can charge into the fields of battle.;ConÁue pour instiller la peur dans le coeur des hommes, cette armure protËge son porteur pour qu'il puisse charger sur les champs de bataille.;Entworfen, um Angst in die Herzen ihrer Gegner zu schlagen, sch¸tzt diese R¸stung ihre Tr‰ger, damit sie sich in die Schlacht st¸rzen kˆnnen.;;DiseÒada para infundir miedo en la gente, esta armadura protege a su portador para que pueda cargar en el campo de batalla.;;;;;;;;;x
armor_tier_3_warden;Warden +2;Protecteur;Aufseher-R¸stung;;Defensor;;;;;;;;;x
armor_tier_3_warden_desc;Forged out of the finest materials and with expert craftsmanship, this armor turns its owner into a stalwart barrier against any foe.;ForgÈe avec les meilleurs matÈriaux et avec un savoir-faire expert, cette armure transforme son propriÈtaire en une barriËre inflexible contre tout ennemi.;Aus den feinsten Materialien geschmiedet und mit fachm‰nnischer Handwerkskunst zusammengesetzt, verwandelt diese R¸stung ihren Besitzer in eine un¸berwindbare Barriere gegen jeden Feind.;;Forjada con los mejores materiales y habilidad experta, esta armadura convierte a su dueÒo en una barrera inquebrantable contra cualquier enemigo.;;;;;;;;;x
