ca_neverwinter;Neverwinter Castle;;;;;;;;;;;x
ca_neverwinter_desc;The Lord Protector's castle, situated with a view of the entire city.;;;;;;;;;;;x
ca_roads_1;Local Paths;;;;;;;;;;;x
ca_roads_2;Local Trade Paths;;;;;;;;;;;x
ca_roads_3;Road Building;;;;;;;;;;;x
ca_roads_4;Primitive Roads;;;;;;;;;;;x
ca_roads_5;Primitive Trade Roads;;;;;;;;;;;x
ca_roads_6;Local Roads System;;;;;;;;;;;x
ca_roads_7;Regional Roads System;;;;;;;;;;;x
ca_roads_8;Provincial Roads System;;;;;;;;;;;x
ca_roads_9;Realm Road Network;;;;;;;;;;;x
d_roads;The blood of a realm flows through its veins. Establish and protect the connections to make this possible.;;;;;;;;;;;x
ca_tolls_1;Toll Collection;;;;;;;;;;;x
ca_tolls_2;Toll Road;;;;;;;;;;;x
ca_tolls_3;Local Tolls;;;;;;;;;;;x
ca_tolls_4;Local Tolls System;;;;;;;;;;;x
ca_tolls_5;Toll Roads System;;;;;;;;;;;x
ca_tolls_6;Regional Tolls;;;;;;;;;;;x
ca_tolls_7;Advanced Tolls System;;;;;;;;;;;x
ca_tolls_8;Provincial Tolls System;;;;;;;;;;;x
ca_tolls_9;Realm Toll Network;;;;;;;;;;;x
d_tolls;Gold is the blood of a realm, and bloodletting improves its flow.;;;;;;;;;;;x
ca_pavedroads_1;Primitive Road Paving Techniques;;;;;;;;;;;x
ca_pavedroads_2;Limited Road Paving;;;;;;;;;;;x
ca_pavedroads_3;Road Paving;;;;;;;;;;;x
ca_pavedroads_4;Local Paved Roads;;;;;;;;;;;x
ca_pavedroads_5;Paved Main Roads;;;;;;;;;;;x
ca_pavedroads_6;Regional Paved Roads;;;;;;;;;;;x
ca_pavedroads_7;Paved Roads System;;;;;;;;;;;x
ca_pavedroads_8;Provincial Paved Roads Network;;;;;;;;;;;x
ca_pavedroads_9;Realm Paved Roads Network;;;;;;;;;;;x
d_pavedroads;With better roads, the realm runs faster.;;;;;;;;;;;x
ca_customs_1;Primitive Customs Implementation;;;;;;;;;;;x
ca_customs_2;Local Customs;;;;;;;;;;;x
ca_customs_3;Trade Duties;;;;;;;;;;;x
ca_customs_4;Trade Duties System;;;;;;;;;;;x
ca_customs_5;Limited Tarrifs;;;;;;;;;;;x
ca_customs_6;Tarrifs Collection System;;;;;;;;;;;x
ca_customs_7;Advanced Tarrifs Collection System;;;;;;;;;;;x
ca_customs_8;Provincial Tarrifs Collection System;;;;;;;;;;;x
ca_customs_9;Realm Tariffs Collection System;;;;;;;;;;;x
d_customs;The flow of trade and men needs to be regulated for the safety of the people.;;;;;;;;;;;x
ca_highways_1;Enlarged Paved Roads;;;;;;;;;;;x
ca_highways_2;Advanced Road Construction Techniques;;;;;;;;;;;x
ca_highways_3;Primitive Highways;;;;;;;;;;;x
ca_highways_4;Highways;;;;;;;;;;;x
ca_highways_5;Improved Highways;;;;;;;;;;;x
ca_highways_6;Highways System;;;;;;;;;;;x
ca_highways_7;Advanced Highways System;;;;;;;;;;;x
ca_highways_8;Provincial Highways System;;;;;;;;;;;x
ca_highways_9;Realm Highways System;;;;;;;;;;;x
d_highways;The best roads make men run with joy.;;;;;;;;;;;x
ca_farming_1;Minimal Agriculture;;;;;;;;;;;x
ca_farming_2;Minimal Agriculture;;;;;;;;;;;x
ca_farming_3;Small Scale Agriculture;;;;;;;;;;;x
ca_farming_4;Small Scale Agriculture;;;;;;;;;;;x
ca_farming_5;Limited Farming;;;;;;;;;;;x
ca_farming_6;Limited Farming;;;;;;;;;;;x
ca_farming_7;Regional Farming;;;;;;;;;;;x
ca_farming_8;Provincial Farming;;;;;;;;;;;x
ca_farming_9;Realm Farming;;;;;;;;;;;x
d_farming;Man needs food to live, and the realm needs men to grow it.;;;;;;;;;;;x
ca_irrigationsystem_1;Minimal Irrigation System;;;;;;;;;;;x
ca_irrigationsystem_2;Minimal Irrigation System;;;;;;;;;;;x
ca_irrigationsystem_3;Rudimentary Irrigation System;;;;;;;;;;;x
ca_irrigationsystem_4;Rudimentary Irrigation System;;;;;;;;;;;x
ca_irrigationsystem_5;Irrigation System;;;;;;;;;;;x
ca_irrigationsystem_6;Regional Irrigation System;;;;;;;;;;;x
ca_irrigationsystem_7;Advanced Irrigation System;;;;;;;;;;;x
ca_irrigationsystem_8;Provincial Irrigation System;;;;;;;;;;;x
ca_irrigationsystem_9;Realm Irrigation System;;;;;;;;;;;x
d_irrigationsystem;The land provides, provided you provide the land what it needs. Water is the blood of life.;;;;;;;;;;;x
ca_landdev_1;Primitive Land Development Techniques;;;;;;;;;;;x
ca_landdev_2;Primitive Land Development Techniques;;;;;;;;;;;x
ca_landdev_3;Minimal Land Development;;;;;;;;;;;x
ca_landdev_4;Land Development;;;;;;;;;;;x
ca_landdev_5;Advanced Land Development;;;;;;;;;;;x
ca_landdev_6;Large Scale Land Development;;;;;;;;;;;x
ca_landdev_7;Regional Land Development;;;;;;;;;;;x
ca_landdev_8;Provincial Land Development;;;;;;;;;;;x
ca_landdev_9;Realm Land Development;;;;;;;;;;;x
d_landdev;Improve the state of the land for it to improve its tribute to the realm.;;;;;;;;;;;x
ca_agriestates_1;Local Agricultural Estates;;;;;;;;;;;x
ca_agriestates_2;Local Agricultural Estates II;;;;;;;;;;;x
ca_agriestates_3;Small Agricultural Estates;;;;;;;;;;;x
ca_agriestates_4;Agricultural Estates;;;;;;;;;;;x
ca_agriestates_5;Large Agricultural Estates;;;;;;;;;;;x
ca_agriestates_6;Advanced Agricultural Estates;;;;;;;;;;;x
ca_agriestates_7;Regional Agricultural Estates;;;;;;;;;;;x
ca_agriestates_8;Provincial Agricultural Estates;;;;;;;;;;;x
ca_agriestates_9;Realm Agricultural Estates;;;;;;;;;;;x
d_agriestates;There is only so much land in the realm, and the realm knows best who to hold it.;;;;;;;;;;;x
ca_latifundia_1;Early Latifundia;;;;;;;;;;;x
ca_latifundia_2;Latifundia;;;;;;;;;;;x
ca_latifundia_3;Highly Organized Latifundia;;;;;;;;;;;x
ca_latifundia_4;Specialized Latifundia;;;;;;;;;;;x
ca_latifundia_5;Highly Specialized Latifundia;;;;;;;;;;;x
ca_latifundia_6;Advanced Latifundia;;;;;;;;;;;x
ca_latifundia_7;Commercial Latifundia;;;;;;;;;;;x
ca_latifundia_8;Provincial Latifundia;;;;;;;;;;;x
ca_latifundia_9;Realm Latifundia Network;;;;;;;;;;;x
d_latifundia;Effective distribution of land to the effective administrators of the realm is the key to the growth of the realm.;;;;;;;;;;;x
ca_herding_1;Limited Herding;;;;;;;;;;;x
ca_herding_2;Limited Herding;;;;;;;;;;;x
ca_herding_3;Droving Techniques;;;;;;;;;;;x
ca_herding_4;Droving Techniques;;;;;;;;;;;x
ca_herding_5;Herding Specialization;;;;;;;;;;;x
ca_herding_6;Large Scale Herding;;;;;;;;;;;x
ca_herding_7;Regional Herding;;;;;;;;;;;x
ca_herding_8;Provincial Herding;;;;;;;;;;;x
ca_herding_9;Realm Herding;;;;;;;;;;;x
d_herding;Man does not subsist on the green of the land alone.;;;;;;;;;;;x
ca_pastures_1;Small Grazing Land;;;;;;;;;;;x
ca_pastures_2;Grazing Land;;;;;;;;;;;x
ca_pastures_3;Pastoralism Techniques;;;;;;;;;;;x
ca_pastures_4;Pastoralism Techniques;;;;;;;;;;;x
ca_pastures_5;Small Pastures;;;;;;;;;;;x
ca_pastures_6;Pastures;;;;;;;;;;;x
ca_pastures_7;Regional Pastures;;;;;;;;;;;x
ca_pastures_8;Provincial Pastures;;;;;;;;;;;x
ca_pastures_9;Realm Pastoral System;;;;;;;;;;;x
d_pastures;Sometimes, the fruit of the land is best consumed through another life.;;;;;;;;;;;x
ca_paddock_1;Paddock Development;;;;;;;;;;;x
ca_paddock_2;Small Paddock;;;;;;;;;;;x
ca_paddock_3;Paddock;;;;;;;;;;;x
ca_paddock_4;Large Paddock;;;;;;;;;;;x
ca_paddock_5;Enclosed Grazing Lands;;;;;;;;;;;x
ca_paddock_6;Paddock System;;;;;;;;;;;x
ca_paddock_7;Regional Paddocks System;;;;;;;;;;;x
ca_paddock_8;Realm Paddocks Network;;;;;;;;;;;x
ca_paddock_9;Extensive Paddock System;;;;;;;;;;;x
d_paddock;The horse is the best friend of any realm;;;;;;;;;;;x
ca_hbreeding_1;Horse Breeding;;;;;;;;;;;x
ca_hbreeding_2;Horse Breeding Techniques;;;;;;;;;;;x
ca_hbreeding_3;Superior Horse Breeding Techniques;;;;;;;;;;;x
ca_hbreeding_4;Superior Horse Breeding;;;;;;;;;;;x
ca_hbreeding_5;Advanced Horse Breeding Techniques;;;;;;;;;;;x
ca_hbreeding_6;Advanced Horse Breeding;;;;;;;;;;;x
ca_hbreeding_7;Regional Horse Breeding System;;;;;;;;;;;x
ca_hbreeding_8;Realm Horse Breeding System;;;;;;;;;;;x
ca_hbreeding_9;Extensive Realm Horse Breeding Network;;;;;;;;;;;x
d_hbreeding;The better the horse, the better the realm.;;;;;;;;;;;x
ca_hbreedguild_1;Horse Breeding Policy;;;;;;;;;;;x
ca_hbreedguild_2;Horse Breeding Ventures;;;;;;;;;;;x
ca_hbreedguild_3;Horse Breeding Commercial Policy;;;;;;;;;;;x
ca_hbreedguild_4;Small Horse Breeders Guild;;;;;;;;;;;x
ca_hbreedguild_5;Horse Breeders Guild;;;;;;;;;;;x
ca_hbreedguild_6;Regional Horse Breeders Guild;;;;;;;;;;;x
ca_hbreedguild_7;Institutionalized Horse Breeding;;;;;;;;;;;x
ca_hbreedguild_8;Realm Horse Breeding Guilds;;;;;;;;;;;x
ca_hbreedguild_9;Realm Horse Breeding Guilds;;;;;;;;;;;x
d_hbreedguild;Only the best horses for the best realms.;;;;;;;;;;;x
ca_town_6;Huge Castle Ciy;;;;;;;;;;;x
ca_town_7;Epic Castle City;;;;;;;;;;;x
ca_town_8;Provincial City Network;;;;;;;;;;;x
ca_town_9;Realm City Network;;;;;;;;;;;x
d_town;Allow the establishment of a settlement close to your walls, offering them protection in exchange for taxation.;;;;;;;;;;;x
ca_granary_q_1;Small Food Storage Initiative;;;;;;;;;;;x
ca_granary_q_2;Small Food Stores;;;;;;;;;;;x
ca_granary_q_3;Primitive Granary;;;;;;;;;;;x
ca_granary_q_4;Local Granary;;;;;;;;;;;x
ca_granary_q_5;Small Granary;;;;;;;;;;;x
ca_granary_q_6;Large Granary;;;;;;;;;;;x
ca_granary_q_7;Advanced Granary;;;;;;;;;;;x
ca_granary_q_8;Provincial Granary;;;;;;;;;;;x
ca_granary_q_9;Realm Granary;;;;;;;;;;;x
tp_granary_q_1;Small Food Storage Initiative;;;;;;;;;;;x
tp_granary_q_2;Small Food Stores;;;;;;;;;;;x
tp_granary_q_3;Primitive Granary;;;;;;;;;;;x
tp_granary_q_4;Local Granary;;;;;;;;;;;x
tp_granary_q_5;Small Granary;;;;;;;;;;;x
tp_granary_q_6;Large Granary;;;;;;;;;;;x
tp_granary_q_7;Advanced Granary;;;;;;;;;;;x
tp_granary_q_8;Provincial Granary;;;;;;;;;;;x
tp_granary_q_9;Realm Granary;;;;;;;;;;;x
d_granary;Build a granary that could store grain for use by men and merchants.;;;;;;;;;;;x
ca_mill_1;Primitive Grinding Techniques;;;;;;;;;;;x
ca_mill_2;Grinding Techniques;;;;;;;;;;;x
ca_mill_3;Primitive Mill;;;;;;;;;;;x
ca_mill_4;Small Mill;;;;;;;;;;;x
ca_mill_5;Mill;;;;;;;;;;;x
ca_mill_6;Large Mill;;;;;;;;;;;x
ca_mill_7;Advanced Mill;;;;;;;;;;;x
ca_mill_8;Realm Mill Network;;;;;;;;;;;x
ca_mill_9;Advanced Realm Mill Network;;;;;;;;;;;x
d_mill;Grain does not feed one as well as bread does.;;;;;;;;;;;x
ca_smarket_1;Local Bartering;;;;;;;;;;;x
ca_smarket_2;Farmers Bartering;;;;;;;;;;;x
ca_smarket_3;Produce Bartering;;;;;;;;;;;x
ca_smarket_4;Primitive Market;;;;;;;;;;;x
ca_smarket_5;Small Local Market;;;;;;;;;;;x
ca_smarket_6;Small Market;;;;;;;;;;;x
ca_smarket_7;Market;;;;;;;;;;;x
ca_smarket_8;Realm Market;;;;;;;;;;;x
ca_smarket_9;Extended Realm Market Network;;;;;;;;;;;x
d_smarket;Trade is the life of any realm.;;;;;;;;;;;x
ca_sfair_1;Small Trade Gathering;;;;;;;;;;;x
ca_sfair_2;Trade Gathering;;;;;;;;;;;x
ca_sfair_3;Annual Local Fair;;;;;;;;;;;x
ca_sfair_4;Small Local Fair;;;;;;;;;;;x
ca_sfair_5;Local Fair;;;;;;;;;;;x
ca_sfair_6;Small Fair;;;;;;;;;;;x
ca_sfair_7;Fair;;;;;;;;;;;x
ca_sfair_8;Large Fair;;;;;;;;;;;x
ca_sfair_9;Extended Fair;;;;;;;;;;;x
d_sfair;The best goods are the goods you didn't make yourself.;;;;;;;;;;;x
ca_compol_1;Small Trading Initiative;;;;;;;;;;;x
ca_compol_2;Local Trading Initiative;;;;;;;;;;;x
ca_compol_3;Trading Initiative;;;;;;;;;;;x
ca_compol_4;Incipient Commercial Policy;;;;;;;;;;;x
ca_compol_5;Limited Commercial Policy;;;;;;;;;;;x
ca_compol_6;Commercial Policy;;;;;;;;;;;x
ca_compol_7;Superior Commercial Policy;;;;;;;;;;;x
ca_compol_8;Provincial Commercial Policies;;;;;;;;;;;x
ca_compol_9;Realm Commercial Policy System;;;;;;;;;;;x
ct_compol_1;Small Trading Initiative;;;;;;;;;;;x
ct_compol_2;Local Trading Initiative;;;;;;;;;;;x
ct_compol_3;Trading Initiative;;;;;;;;;;;x
ct_compol_4;Incipient Commercial Policy;;;;;;;;;;;x
ct_compol_5;Limited Commercial Policy;;;;;;;;;;;x
ct_compol_6;Commercial Policy;;;;;;;;;;;x
ct_compol_7;Superior Commercial Policy;;;;;;;;;;;x
ct_compol_8;Provincial Commercial Policies;;;;;;;;;;;x
ct_compol_9;Realm Commercial Policy System;;;;;;;;;;;x
d_compol;It is often necessary to go beyond the walls of the realm to see the sights of the world.;;;;;;;;;;;x
ca_locmerch_1;Localized Trading;;;;;;;;;;;x
ca_locmerch_2;Local Trade Contacts;;;;;;;;;;;x
ca_locmerch_3;Local Merchants;;;;;;;;;;;x
ca_locmerch_4;Specialized Local Merchants;;;;;;;;;;;x
ca_locmerch_5;Local Merchant Cooperation;;;;;;;;;;;x
ca_locmerch_6;Local Merchant Networks;;;;;;;;;;;x
ca_locmerch_7;Regional Merchant Networks;;;;;;;;;;;x
ca_locmerch_8;Provincial Merchant System;;;;;;;;;;;x
ca_locmerch_9;Realm Merchant System;;;;;;;;;;;x
d_locmerch;Trading is an art, and like any art needs patronage.;;;;;;;;;;;x
ca_largemarket_1;Trading Infrastructure;;;;;;;;;;;x
ca_largemarket_2;Improved Trading Iinfrastructure;;;;;;;;;;;x
ca_largemarket_3;Large Local Market;;;;;;;;;;;x
ca_largemarket_4;Large Market;;;;;;;;;;;x
ca_largemarket_5;Large Specialized Market;;;;;;;;;;;x
ca_largemarket_6;Large Market System;;;;;;;;;;;x
ca_largemarket_7;Advanced Market System;;;;;;;;;;;x
ca_largemarket_8;Realm Market System;;;;;;;;;;;x
ca_largemarket_9;Advanced Realm Markets;;;;;;;;;;;x
d_largemarket;As the realm grows, so too does the desires and demands of its people.;;;;;;;;;;;x
ca_largefair_1;Annual Large Fair;;;;;;;;;;;x
ca_largefair_2;Local Large Fair;;;;;;;;;;;x
ca_largefair_3;Specialized Large Fair;;;;;;;;;;;x
ca_largefair_4;Commercial Fairs System;;;;;;;;;;;x
ca_largefair_5;Provincial Fairs;;;;;;;;;;;x
ca_largefair_6;Large Provincial Fairs;;;;;;;;;;;x
ca_largefair_7;Renowned Regional Fair;;;;;;;;;;;x
ca_largefair_8;Renowned Realm Fairs;;;;;;;;;;;x
ca_largefair_9;Extended Inter-Realm Fair Network;;;;;;;;;;;x
d_largefair;Different people craft and covet differently.;;;;;;;;;;;x
ca_caravanserai_1;Small Caravanserai;;;;;;;;;;;x
ca_caravanserai_2;Large Caravanserai;;;;;;;;;;;x
ca_caravanserai_3;Grand Caravanserai;;;;;;;;;;;x
d_caravanserai;An area outside the castle walls has been set aside where trading caravans can rest and resupply.;;;;;;;;;;;x
ca_sshrine_1;Local Sacred Place;;;;;;;;;;;x
ca_sshrine_2;Revered Sacred Place;;;;;;;;;;;x
ca_sshrine_3;Makeshift Altar;;;;;;;;;;;x
ca_sshrine_4;Rudimentary Altar;;;;;;;;;;;x
ca_sshrine_5;Small Devotional Altar;;;;;;;;;;;x
ca_sshrine_6;Devotional Altar;;;;;;;;;;;x
ca_sshrine_7;Small Shrine;;;;;;;;;;;x
ca_sshrine_8;Shrine;;;;;;;;;;;x
ca_sshrine_9;Shrine;;;;;;;;;;;x
d_sshrine;Pay tribute to the faith of the people.;;;;;;;;;;;x
ca_localcult_1;Primitive Worship Practices;;;;;;;;;;;x
ca_localcult_2;Traditional Worship;;;;;;;;;;;x
ca_localcult_3;Local Worship Tradition;;;;;;;;;;;x
ca_localcult_4;Local Devotional Tradition;;;;;;;;;;;x
ca_localcult_5;Small Local Cult;;;;;;;;;;;x
ca_localcult_6;Local Cult;;;;;;;;;;;x
ca_localcult_7;Renowned Local Cult;;;;;;;;;;;x
ca_localcult_8;Local Cult Extension;;;;;;;;;;;x
ca_localcult_9;Advanced Local Cult;;;;;;;;;;;x
d_localcult;Faith is the foundation of trust, which is the pathway to victory.;;;;;;;;;;;x
ca_scribes_1;Local Scribes;;;;;;;;;;;x
ca_scribes_2;Scribes Training;;;;;;;;;;;x
ca_scribes_3;Advanced Scribes Training;;;;;;;;;;;x
ca_scribes_4;Administrative Scribes;;;;;;;;;;;x
ca_scribes_5;Scribes Training Tradition;;;;;;;;;;;x
ca_scribes_6;Local Government Scribes;;;;;;;;;;;x
ca_scribes_7;Large scale Scribes Training;;;;;;;;;;;x
ca_scribes_8;Scribes Network;;;;;;;;;;;x
ca_scribes_9;Realm Scribe System;;;;;;;;;;;x
tp_scribes_1;Local Scribes;;;;;;;;;;;x
tp_scribes_2;Scribes Training;;;;;;;;;;;x
tp_scribes_3;Advanced Scribes Training;;;;;;;;;;;x
tp_scribes_4;Administrative Scribes;;;;;;;;;;;x
tp_scribes_5;Scribes Training Tradition;;;;;;;;;;;x
tp_scribes_6;Local Government Scribes;;;;;;;;;;;x
tp_scribes_7;Large scale Scribes Training;;;;;;;;;;;x
tp_scribes_8;Scribes Network;;;;;;;;;;;x
tp_scribes_9;Realm Scribe System;;;;;;;;;;;x
d_scribes;The first step towards restoring the light is banishing the darkness of ignorance.;;;;;;;;;;;x
ca_library_1;Small Manuscripts Collections;;;;;;;;;;;x
ca_library_2;Small Library;;;;;;;;;;;x
ca_library_3;Local Library;;;;;;;;;;;x
ca_library_4;Administrative Manuscripts Collection;;;;;;;;;;;x
ca_library_5;Administrative Library;;;;;;;;;;;x
ca_library_6;Large Library;;;;;;;;;;;x
ca_library_7;Renowned Library;;;;;;;;;;;x
ca_library_8;Realm Library Network;;;;;;;;;;;x
ca_library_9;Extensive Literature Network;;;;;;;;;;;x
d_library;To banish ignorance, one must first preserve knowledge.;;;;;;;;;;;x
ca_schools_1;Minimal Traditional Education;;;;;;;;;;;x
ca_schools_2;Limited Traditional Education;;;;;;;;;;;x
ca_schools_3;Local Teaching Initiative;;;;;;;;;;;x
ca_schools_4;Local Teaching;;;;;;;;;;;x
ca_schools_5;Primitive Schools;;;;;;;;;;;x
ca_schools_6;Minimal Education Schools;;;;;;;;;;;x
ca_schools_7;Schools;;;;;;;;;;;x
ca_schools_8;Advanced Education Schools;;;;;;;;;;;x
ca_schools_9;Provincial School Network;;;;;;;;;;;x
ct_schools_1;Minimal Traditional Education;;;;;;;;;;;x
ct_schools_2;Limited Traditional Education;;;;;;;;;;;x
ct_schools_3;Local Teaching Initiative;;;;;;;;;;;x
ct_schools_4;Local Teaching;;;;;;;;;;;x
ct_schools_5;Primitive Schools;;;;;;;;;;;x
ct_schools_6;Minimal Education Schools;;;;;;;;;;;x
ct_schools_7;Schools;;;;;;;;;;;x
ct_schools_8;Advanced Education Schools;;;;;;;;;;;x
ct_schools_9;Provincial School Network;;;;;;;;;;;x
d_schools;Knowledge preserved is futile unless imparted on others.;;;;;;;;;;;x
ca_teachingtradition_1;Primitive Teaching Techniques;;;;;;;;;;;x
ca_teachingtradition_2;Teaching Techniques;;;;;;;;;;;x
ca_teachingtradition_3;Superior Teaching Techniques;;;;;;;;;;;x
ca_teachingtradition_4;Advanced Teaching Techniques;;;;;;;;;;;x
ca_teachingtradition_5;Incipient Teaching Tradition;;;;;;;;;;;x
ca_teachingtradition_6;Teaching Tradition;;;;;;;;;;;x
ca_teachingtradition_7;Advanced Teaching Tradition;;;;;;;;;;;x
ca_teachingtradition_8;Provincial Teaching Tradition;;;;;;;;;;;x
ca_teachingtradition_9;Realm Teaching Tradition;;;;;;;;;;;x
d_teachingtradition;The act of imparting knowledge is by itself important knowledge.;;;;;;;;;;;x
ca_engineers_1;Advanced Mathematical Education;;;;;;;;;;;x
ca_engineers_2;Engineering Education;;;;;;;;;;;x
ca_engineers_3;Primitive Engineering Training;;;;;;;;;;;x
ca_engineers_4;Engineering Training;;;;;;;;;;;x
ca_engineers_5;Advanced Engineering;;;;;;;;;;;x
ca_engineers_6;Professional Engineers;;;;;;;;;;;x
ca_engineers_7;Superior Engineers;;;;;;;;;;;x
ca_engineers_8;Realm Engineering Guild;;;;;;;;;;;x
ca_engineers_9;Engineering Hub;;;;;;;;;;;x
d_engineers;Mathematics is the language of reality.;;;;;;;;;;;x
ca_control_1;Minimal Control;;;;;;;;;;;x
ca_control_2;Minimal Control;;;;;;;;;;;x
ca_control_3;Limited Control;;;;;;;;;;;x
ca_control_4;Limited Control;;;;;;;;;;;x
ca_control_5;Moderate Control;;;;;;;;;;;x
ca_control_6;Advanced Control;;;;;;;;;;;x
ca_control_7;Complete Regional Control;;;;;;;;;;;x
ca_control_8;Complete Provincial Control;;;;;;;;;;;x
ca_control_9;Realm Control;;;;;;;;;;;x
tp_control_1;Minimal Control;;;;;;;;;;;x
tp_control_2;Minimal Control II;;;;;;;;;;;x
tp_control_3;Limited Control;;;;;;;;;;;x
tp_control_4;Limited Control II;;;;;;;;;;;x
tp_control_5;Moderate Control;;;;;;;;;;;x
tp_control_6;Advanced Control;;;;;;;;;;;x
tp_control_7;Complete Regional Control;;;;;;;;;;;x
tp_control_8;Complete Provincial Control;;;;;;;;;;;x
tp_control_9;Realm Control;;;;;;;;;;;x
d_control;The darkness of the past is showing weakness. Begin the process of enlightenment on this land.;;;;;;;;;;;x
ca_admin_1;Primitive Administrative Initiative;;;;;;;;;;;x
ca_admin_2;Administrative Initiative;;;;;;;;;;;x
ca_admin_3;Administration Implementation;;;;;;;;;;;x
ca_admin_4;Incipient Administration;;;;;;;;;;;x
ca_admin_5;Minimal Administration;;;;;;;;;;;x
ca_admin_6;Small Scale Administration;;;;;;;;;;;x
ca_admin_7;Local Administration;;;;;;;;;;;x
ca_admin_8;Regional Administration;;;;;;;;;;;x
ca_admin_9;Realm Administration;;;;;;;;;;;x
tp_admin_1;Primitive Administrative Initiative;;;;;;;;;;;x
tp_admin_2;Administrative Initiative;;;;;;;;;;;x
tp_admin_3;Administration Implementation;;;;;;;;;;;x
tp_admin_4;Incipient Administration;;;;;;;;;;;x
tp_admin_5;Minimal Administration;;;;;;;;;;;x
tp_admin_6;Small Scale Administration;;;;;;;;;;;x
tp_admin_7;Local Administration;;;;;;;;;;;x
tp_admin_8;Regional Administration;;;;;;;;;;;x
tp_admin_9;Realm Administration;;;;;;;;;;;x
d_admin;With this land under control, begin the foundations of an administration on this land.;;;;;;;;;;;x
ca_villageheads_1;Village Elders;;;;;;;;;;;x
ca_villageheads_2;Appointed Village Elder;;;;;;;;;;;x
ca_villageheads_3;Local Mediator;;;;;;;;;;;x
ca_villageheads_4;Village Head;;;;;;;;;;;x
ca_villageheads_5;Appointed Village Head;;;;;;;;;;;x
ca_villageheads_6;Local Village Headmen;;;;;;;;;;;x
ca_villageheads_7;Village Headmen System;;;;;;;;;;;x
ca_villageheads_8;Regional Village Headmen;;;;;;;;;;;x
ca_villageheads_9;Regional Village Headmen System;;;;;;;;;;;x
d_villageheads;With foundations established, work on administering the land by starting with the villages.;;;;;;;;;;;x
ca_taxfarming_1;Tax Farming Initiative;;;;;;;;;;;x
ca_taxfarming_2;Primitive Tax Farming;;;;;;;;;;;x
ca_taxfarming_3;Limited Local Tax Farming;;;;;;;;;;;x
ca_taxfarming_4;Organized Tax Farming;;;;;;;;;;;x
ca_taxfarming_5;Publican System;;;;;;;;;;;x
ca_taxfarming_6;Superior Publican System;;;;;;;;;;;x
ca_taxfarming_7;Advanced Publican System;;;;;;;;;;;x
ca_taxfarming_8;Advanced Publican System;;;;;;;;;;;x
ca_taxfarming_9;Advanced Publican System;;;;;;;;;;;x
tp_taxfarming_1;Tax Farming Initiative;;;;;;;;;;;x
tp_taxfarming_2;Primitive Tax Farming;;;;;;;;;;;x
tp_taxfarming_3;Limited Local Tax Farming;;;;;;;;;;;x
tp_taxfarming_4;Organized Tax Farming;;;;;;;;;;;x
tp_taxfarming_5;Publican System;;;;;;;;;;;x
tp_taxfarming_6;Superior Publican System;;;;;;;;;;;x
tp_taxfarming_7;Superior Publican System;;;;;;;;;;;x
tp_taxfarming_8;Advanced Publican System;;;;;;;;;;;x
tp_taxfarming_9;Advanced Publican System;;;;;;;;;;;x
d_taxfarming;To rule and protect, one needs taxes. Establish a system that allows you to better rule your subjects.;;;;;;;;;;;x
ca_bailiffs_1;Local Overseers Initiative;;;;;;;;;;;x
ca_bailiffs_2;Primitive Local Overseers System;;;;;;;;;;;x
ca_bailiffs_3;Early Overseers System;;;;;;;;;;;x
ca_bailiffs_4;Local Bailiffs;;;;;;;;;;;x
ca_bailiffs_5;Bailiffs System;;;;;;;;;;;x
ca_bailiffs_6;Organized Bailiffs System;;;;;;;;;;;x
ca_bailiffs_7;Advanced Bailiffs System;;;;;;;;;;;x
d_bailiffs;To actually rule the people, a local guiding hand to represent the liege is necessary.;;;;;;;;;;;x
ca_lawenforce_1;Law Enforcement Initiative;;;;;;;;;;;x
ca_lawenforce_2;Primitive Law Enforcement;;;;;;;;;;;x
ca_lawenforce_3;Early Law Enforcement;;;;;;;;;;;x
ca_lawenforce_4;Law Enforcement;;;;;;;;;;;x
ca_lawenforce_5;Regional Law Enforcement Initiative;;;;;;;;;;;x
ca_lawenforce_6;Regional Law Enforcement;;;;;;;;;;;x
ca_lawenforce_7;Law Enforcement Policy;;;;;;;;;;;x
tp_lawenforce_1;Law Enforcement Initiative;;;;;;;;;;;x
tp_lawenforce_2;Primitive Law Enforcement;;;;;;;;;;;x
tp_lawenforce_3;Early Law Enforcement;;;;;;;;;;;x
tp_lawenforce_4;Law Enforcement;;;;;;;;;;;x
tp_lawenforce_5;Regional Law Enforcement Initiative;;;;;;;;;;;x
tp_lawenforce_6;Regional Law Enforcement;;;;;;;;;;;x
tp_lawenforce_7;Law Enforcement Policy;;;;;;;;;;;x
tp_lawenforce_8;Realm Law Enforcement;;;;;;;;;;;x
tp_lawenforce_9;Law Enforcement Networks;;;;;;;;;;;x
d_lawenforce;For the darkness of the chaotic past to be expelled, the light of the law must be upheld.;;;;;;;;;;;x
ca_localpolice_1;Primitive Policing Initiative;;;;;;;;;;;x
ca_localpolice_2;Local Watchmen;;;;;;;;;;;x
ca_localpolice_3;Local Watchmen System;;;;;;;;;;;x
ca_localpolice_4;Primitive Local Policing;;;;;;;;;;;x
ca_localpolice_5;Organized Policing Initiative;;;;;;;;;;;x
ca_localpolice_6;Organized Policing System;;;;;;;;;;;x
ca_localpolice_7;Local Policing;;;;;;;;;;;x
d_localpolice;For law to be upheld with force, a force to the uphold the law must exist.;;;;;;;;;;;x
ca_court_1;Primitive Trial System;;;;;;;;;;;x
ca_court_2;Trial System;;;;;;;;;;;x
ca_court_3;Primitive Local Court;;;;;;;;;;;x
ca_court_4;Small Local Court;;;;;;;;;;;x
ca_court_5;Local Court;;;;;;;;;;;x
ca_court_6;Organized Trials System;;;;;;;;;;;x
ca_court_7;Courts System;;;;;;;;;;;x
d_court;The rule and point of law is to be just and fair in its rulings.;;;;;;;;;;;x
ca_localjudges_1;Primitive Judicial System;;;;;;;;;;;x
ca_localjudges_2;Minimal Law Code Implementation;;;;;;;;;;;x
ca_localjudges_3;Law Code Implementation;;;;;;;;;;;x
ca_localjudges_4;Judicial System;;;;;;;;;;;x
ca_localjudges_5;Judicial Training;;;;;;;;;;;x
ca_localjudges_6;Local Judges;;;;;;;;;;;x
ca_localjudges_7;Local Judges System;;;;;;;;;;;x
ca_localjudges_8;Provincial Judicial Network;;;;;;;;;;;x
ca_localjudges_9;Realm Judicial Network;;;;;;;;;;;x
ct_localjudges_1;Primitive Judicial System;;;;;;;;;;;x
ct_localjudges_2;Minimal Law Code Implementation;;;;;;;;;;;x
ct_localjudges_3;Law Code Implementation;;;;;;;;;;;x
ct_localjudges_4;Judicial System;;;;;;;;;;;x
ct_localjudges_5;Judicial Training;;;;;;;;;;;x
ct_localjudges_6;Local Judges;;;;;;;;;;;x
ct_localjudges_7;Local Judges System;;;;;;;;;;;x
ct_localjudges_8;Provincial Judicial Network;;;;;;;;;;;x
ct_localjudges_9;Realm Judicial Network;;;;;;;;;;;x
d_localjudges;Justice, while clear-sighted, is short sighted. A scale can only balance so much weight before more is needed.;;;;;;;;;;;x
ca_localautonomy_1;Local Autonomy Initiative;;;;;;;;;;;x
ca_localautonomy_2;Self Governing Locales;;;;;;;;;;;x
ca_localautonomy_3;Minimal Local Involvement;;;;;;;;;;;x
ca_localautonomy_4;Local Autonomous Areas;;;;;;;;;;;x
ca_localautonomy_5;Local Autonomy;;;;;;;;;;;x
ca_localautonomy_6;Increased Local Autonomy;;;;;;;;;;;x
ca_localautonomy_7;Local Autonomy Policy;;;;;;;;;;;x
d_localautonomy;The man who knows of freedom will fight for that freedom, with steel and blood for gold and silver.;;;;;;;;;;;x
ca_localass_1;Small Local Meeting;;;;;;;;;;;x
ca_localass_2;Local Meetings;;;;;;;;;;;x
ca_localass_3;Organized Local Meetings;;;;;;;;;;;x
ca_localass_4;Local Assemblies Initiative;;;;;;;;;;;x
ca_localass_5;Primitive Local Assemblies;;;;;;;;;;;x
ca_localass_6;Small Local Assemblies;;;;;;;;;;;x
ca_localass_7;Local Assemblies;;;;;;;;;;;x
ct_localass_1;Small Local Meeting;;;;;;;;;;;x
ct_localass_2;Local Meetings;;;;;;;;;;;x
ct_localass_3;Organized Local Meetings;;;;;;;;;;;x
ct_localass_4;Local Assemblies Initiative;;;;;;;;;;;x
ct_localass_5;Primitive Local Assemblies;;;;;;;;;;;x
ct_localass_6;Small Local Assemblies;;;;;;;;;;;x
ct_localass_7;Local Assemblies;;;;;;;;;;;x
ct_localass_8;Regional Assemblies;;;;;;;;;;;x
ct_localass_9;Realm Assemblies;;;;;;;;;;;x
d_localass;Man is a political animal, and value each other's support to carry on.;;;;;;;;;;;x
ca_localcouncil_1;Special Town Meetings;;;;;;;;;;;x
ca_localcouncil_2;Elders Council;;;;;;;;;;;x
ca_localcouncil_3;Small Local Council;;;;;;;;;;;x
ca_localcouncil_4;Elected Local Council;;;;;;;;;;;x
ca_localcouncil_5;Well Organized Local Council;;;;;;;;;;;x
ca_localcouncil_6;Appointed Local Council;;;;;;;;;;;x
ca_localcouncil_7;Local Council System;;;;;;;;;;;x
ct_localcouncil_1;Special Town Meetings;;;;;;;;;;;x
ct_localcouncil_2;Elders Council;;;;;;;;;;;x
ct_localcouncil_3;Small Local Council;;;;;;;;;;;x
ct_localcouncil_4;Elected Local Council;;;;;;;;;;;x
ct_localcouncil_5;Well Organized Local Council;;;;;;;;;;;x
ct_localcouncil_6;Appointed Local Council;;;;;;;;;;;x
ct_localcouncil_7;Local Council System;;;;;;;;;;;x
ct_localcouncil_8;Regional Councils;;;;;;;;;;;x
ct_localcouncil_9;Realm Council System;;;;;;;;;;;x
d_localcouncil;As political animals, men cherish leadership, and prefer it to come from their own.;;;;;;;;;;;x
ca_freecommune_1;Limited Self Governing System;;;;;;;;;;;x
ca_freecommune_2;Limited Self Governing Locales;;;;;;;;;;;x
ca_freecommune_3;Primitive Local Rights Charter;;;;;;;;;;;x
ca_freecommune_4;Local Rights Charters;;;;;;;;;;;x
ca_freecommune_5;Chartered Communities;;;;;;;;;;;x
ca_freecommune_6;Free Communes;;;;;;;;;;;x
ca_freecommune_7;Free Communes System;;;;;;;;;;;x
ct_freecommune_1;Limited Self Governing System;;;;;;;;;;;x
ct_freecommune_2;Limited Self Governing Locales;;;;;;;;;;;x
ct_freecommune_3;Primitive Local Rights Charter;;;;;;;;;;;x
ct_freecommune_4;Local Rights Charters;;;;;;;;;;;x
ct_freecommune_5;Chartered Communities;;;;;;;;;;;x
ct_freecommune_6;Free Communes;;;;;;;;;;;x
ct_freecommune_7;Free Communes System;;;;;;;;;;;x
ct_freecommune_8;Regional Free Communes;;;;;;;;;;;x
ct_freecommune_9;Realm Free Commune System;;;;;;;;;;;x
d_freecommune;The right to self determination demands determination. Effective freedoms granted effect freed men to better the realm.;;;;;;;;;;;x
ca_magistrates_1;Local Magistrates;;;;;;;;;;;x
ca_magistrates_2;Magistrates Training;;;;;;;;;;;x
ca_magistrates_3;Magistrates Education;;;;;;;;;;;x
ca_magistrates_4;Early Magistrates System;;;;;;;;;;;x
ca_magistrates_5;Magistrates Policy Implementation;;;;;;;;;;;x
ca_magistrates_6;Magistrates System;;;;;;;;;;;x
ca_magistrates_7;Advanced Magistrates System;;;;;;;;;;;x
ct_magistrates_1;Local Magistrates;;;;;;;;;;;x
ct_magistrates_2;Magistrates Training;;;;;;;;;;;x
ct_magistrates_3;Magistrates Education;;;;;;;;;;;x
ct_magistrates_4;Early Magistrates System;;;;;;;;;;;x
ct_magistrates_5;Magistrates Policy Implementation;;;;;;;;;;;x
ct_magistrates_6;Magistrates System;;;;;;;;;;;x
ct_magistrates_7;Advanced Magistrates System;;;;;;;;;;;x
ct_magistrates_8;Regional Magistrates;;;;;;;;;;;x
ct_magistrates_9;Realm Magistrates System;;;;;;;;;;;x
d_magistrates;To judge and to rule are necessary to ensure the light freedom does not become the darkness of chaos.;;;;;;;;;;;x
ca_civilservice_1;Primitive Civil Service Initiative;;;;;;;;;;;x
ca_civilservice_2;Civil Servants;;;;;;;;;;;x
ca_civilservice_3;Early Civil Service Training;;;;;;;;;;;x
ca_civilservice_4;Civil Service Examinations;;;;;;;;;;;x
ca_civilservice_5;Limited Civil Service Meritocracy;;;;;;;;;;;x
ca_civilservice_6;Early Civil Service System;;;;;;;;;;;x
ca_civilservice_7;Civil Service;;;;;;;;;;;x
ct_civilservice_1;Primitive Civil Service Initiative;;;;;;;;;;;x
ct_civilservice_2;Civil Servants;;;;;;;;;;;x
ct_civilservice_3;Early Civil Service Training;;;;;;;;;;;x
ct_civilservice_4;Civil Service Examinations;;;;;;;;;;;x
ct_civilservice_5;Limited Civil Service Meritocracy;;;;;;;;;;;x
ct_civilservice_6;Early Civil Service System;;;;;;;;;;;x
ct_civilservice_7;Civil Service;;;;;;;;;;;x
ct_civilservice_8;Civil Service Network;;;;;;;;;;;x
ct_civilservice_9;Realm Civil Service;;;;;;;;;;;x
d_civilservice;Service to the realm is service done to mankind. For service to be effected, a clear path must be drawn.;;;;;;;;;;;x
ca_bureaucracy_1;Primitive Public Administration System;;;;;;;;;;;x
ca_bureaucracy_2;Organized Bureaucracy Initiative;;;;;;;;;;;x
ca_bureaucracy_3;Bureaucracy Implementation;;;;;;;;;;;x
ca_bureaucracy_4;Meritocratic Bureaucracy;;;;;;;;;;;x
ca_bureaucracy_5;Highly Organized Bureaucracy;;;;;;;;;;;x
ca_bureaucracy_6;Advanced Bureaucracy;;;;;;;;;;;x
ca_bureaucracy_7;Institutionalized Bureaucracy;;;;;;;;;;;x
ca_bureaucracy_8;Provincial Bureaucratic Network;;;;;;;;;;;x
ca_bureaucracy_9;Realm Bureaucracy;;;;;;;;;;;x
ct_bureaucracy_1;Primitive Public Administration System;;;;;;;;;;;x
ct_bureaucracy_2;Organized Bureaucracy Initiative;;;;;;;;;;;x
ct_bureaucracy_3;Bureaucracy Implementation;;;;;;;;;;;x
ct_bureaucracy_4;Meritocratic Bureaucracy;;;;;;;;;;;x
ct_bureaucracy_5;Highly Organized Bureaucracy;;;;;;;;;;;x
ct_bureaucracy_6;Advanced Bureaucracy;;;;;;;;;;;x
ct_bureaucracy_7;Institutionalized Bureaucracy;;;;;;;;;;;x
ct_bureaucracy_8;Provincial Bureaucratic Network;;;;;;;;;;;x
ct_bureaucracy_9;Realm Bureaucracy;;;;;;;;;;;x
d_bureaucracy;A man can only do as much as his world permits.;;;;;;;;;;;x
ca_militia_bow_1;Primitive Bow Militia Initiative;;;;;;;;;;;x
ca_militia_bow_2;Minimal Bow Militia Training Fields;;;;;;;;;;;x
ca_militia_bow_3;Bow Militia Training Fields;;;;;;;;;;;x
ca_militia_bow_4;Minor Bow Militia Mustering Grounds;;;;;;;;;;;x
ca_militia_bow_5;Bow Militia Mustering Grounds;;;;;;;;;;;x
ca_militia_bow_6;Minor Bow Militia Garrison;;;;;;;;;;;x
ca_militia_bow_7;Bow Militia Garrison;;;;;;;;;;;x
ca_militia_foot_1;Primitive Foot Militia Initiative;;;;;;;;;;;x
ca_militia_foot_2;Minimal Foot Militia Training Fields;;;;;;;;;;;x
ca_militia_foot_3;Foot Militia Training Fields;;;;;;;;;;;x
ca_militia_foot_4;Minor Foot Militia Mustering Grounds;;;;;;;;;;;x
ca_militia_foot_5;Foot Militia Mustering Grounds;;;;;;;;;;;x
ca_militia_foot_6;Minor Foot Militia Garrison;;;;;;;;;;;x
ca_militia_foot_7;Foot Militia Garrison;;;;;;;;;;;x
d_militia;Recruit and establish a militia garrison to both protect your castles and fight with your host.;;;;;;;;;;;x
ca_mrc_1;Minimal Mercenary Contracts;;;;;;;;;;;x
ca_mrc_2;Limited Mercenary Contracts;;;;;;;;;;;x
ca_mrc_3;Mercenary Contracts;;;;;;;;;;;x
ca_mrc_4;Expanded Mercenary Contracts;;;;;;;;;;;x
ca_mrc_5;Efficient Mercenary Contracts;;;;;;;;;;;x
ca_mrc_6;Mercenary Chapter Integration;;;;;;;;;;;x
ca_mrc_7;Mercenary Company Integration;;;;;;;;;;;x
d_camrc;Form contracts with mercenary bands to join your host as both levied men and skilled retainers.;;;;;;;;;;;x
ca_foraux_1;Minimal Foreign Auxilliary Recruitment;;;;;;;;;;;x
ca_foraux_2;Limited Foreign Auxilliary Recruitment;;;;;;;;;;;x
ca_foraux_3;Foreign Auxilliary Recruitment;;;;;;;;;;;x
ca_foraux_4;Expanded Foreign Auxilliary Recruitment;;;;;;;;;;;x
ca_foraux_5;Efficient Foreign Auxilliary Recruitment;;;;;;;;;;;x
ca_foraux_6;Superior Foreign Auxilliary Recruitment;;;;;;;;;;;x
ca_foraux_7;Foreign Auxilliary Integration;;;;;;;;;;;x
d_foraux;Recruit both veteran and unproven men from the conquered and the wandering foreigners in the realm.;;;;;;;;;;;x
ca_definit_1;Primitive Defensive Initiative;;;;;;;;;;;x
ca_definit_2;Primitive Defensive Works;;;;;;;;;;;x
ca_definit_3;Minimal Defensive Works;;;;;;;;;;;x
ca_definit_4;Small Defensive Works;;;;;;;;;;;x
ca_definit_5;Defensive Works;;;;;;;;;;;x
ca_definit_6;Incipient Fortifications;;;;;;;;;;;x
ca_definit_7;Minimal Fortifications;;;;;;;;;;;x
ct_definit_1;Primitive Defensive Initiative;;;;;;;;;;;x
ct_definit_2;Primitive Defensive Works;;;;;;;;;;;x
ct_definit_3;Minimal Defensive Works;;;;;;;;;;;x
ct_definit_4;Small Defensive Works;;;;;;;;;;;x
ct_definit_5;Defensive Works;;;;;;;;;;;x
ct_definit_6;Incipient Fortifications;;;;;;;;;;;x
ct_definit_7;Minimal Fortifications;;;;;;;;;;;x
ct_definit_8;Light Fortifications;;;;;;;;;;;x
ct_definit_9;Fortifications;;;;;;;;;;;x
tp_definit_1;Primitive Defensive Initiative;;;;;;;;;;;x
tp_definit_2;Primitive Defensive Works;;;;;;;;;;;x
tp_definit_3;Minimal Defensive Works;;;;;;;;;;;x
tp_definit_4;Small Defensive Works;;;;;;;;;;;x
tp_definit_5;Defensive Works;;;;;;;;;;;x
tp_definit_6;Incipient Fortifications;;;;;;;;;;;x
tp_definit_7;Minimal Fortifications;;;;;;;;;;;x
tp_definit_8;Light Fortifications;;;;;;;;;;;x
tp_definit_9;Fortifications;;;;;;;;;;;x
d_definit;Lay the foundations of defending your realm and protect your people.;;;;;;;;;;;x
ca_wall_6;Advanced Stone Wall;;;;;;;;;;;x
ca_wall_7;Epic Stone Wall;;;;;;;;;;;x
ct_fwall_1;Small City Fortifications;;;;;;;;;;;x
ct_fwall_2;City Wall;;;;;;;;;;;x
ct_fwall_3;City Wall;;;;;;;;;;;x
ct_fwall_4;Large City Wall;;;;;;;;;;;x
ct_fwall_5;Large City Wall;;;;;;;;;;;x
ct_fwall_6;Advanced City Wall;;;;;;;;;;;x
ct_fwall_7;Advanced City Wall;;;;;;;;;;;x
ct_fwall_8;Epic City Wall;;;;;;;;;;;x
ct_fwall_9;Epic City Wall;;;;;;;;;;;x
d_wall;Begin the foundations of walls that will rise high and defend your people.;;;;;;;;;;;x
d_wall_7;Erect a wall worthy of songs and epics.;;;;;;;;;;;x
ca_wall_q_6;Advanced Barbicans;;;;;;;;;;;x
ca_wall_q_7;Epic Barbicans;;;;;;;;;;;x
d_wall_q;Improve the strength of your walls to make it harder for the invaders to breach them.;;;;;;;;;;;x
ca_keep_7;Legendary Keep;;;;;;;;;;;x
d_cakeep;Invest in a strong keep within your castle to house defenders.;;;;;;;;;;;x
ca_stronghold_q_1;Primitive Fortified Enclosure;;;;;;;;;;;x
ca_stronghold_q_2;Small Fortified Enclosure;;;;;;;;;;;x
ca_stronghold_q_3;Small Local Defense Center;;;;;;;;;;;x
ca_stronghold_q_4;Small Local Stronghold;;;;;;;;;;;x
ca_stronghold_q_5;Local Stronghold;;;;;;;;;;;x
ca_stronghold_q_6;Minor Stronghold;;;;;;;;;;;x
ca_stronghold_q_7;Stronghold;;;;;;;;;;;x
d_stronghold_q;Defend the realm further by creating bastions of defence.;;;;;;;;;;;x
ca_stronghold_up_0;Stronghold Expansion;;;;;;;;;;;x
ca_stronghold_up_1;Stronghold Secondary Walls;;;;;;;;;;;x
ca_stronghold_up_2;Stronghold Secondary Gatehouse;;;;;;;;;;;x
ca_stronghold_up_3;Stronghold Secondary Portcullis;;;;;;;;;;;x
ca_stronghold_up_4;Stronghold Secondary Moat;;;;;;;;;;;x
ca_stronghold_up_5;Stronghold Secondary Arrow Slits;;;;;;;;;;;x
ca_stronghold_up_6;Stronghold Secondary Barbicans;;;;;;;;;;;x
ca_stronghold_up_7;Stronghold Secondary Ballista Towers;;;;;;;;;;;x
d_stronghold_up;Expand your castle-stronghold with stronger walls and towers.;;;;;;;;;;;x
ca_citadel_1;Citadel;;;;;;;;;;;x
ca_citadel_2;Improved Citadel Walls;;;;;;;;;;;x
ca_citadel_3;Improved Citadel Towers;;;;;;;;;;;x
ca_citadel_4;Renowned Citadel Walls;;;;;;;;;;;x
ca_citadel_5;Renowned Citadel Tower;;;;;;;;;;;x
ca_citadel_6;Epic Citadel;;;;;;;;;;;x
ca_citadel_7;Legendary Citadel;;;;;;;;;;;x
d_citadel;Build a mighty citadel that will tower all over the land and preserve the light.;;;;;;;;;;;x
d_citadel_6;A citadel sung even in far off lands, indomitable by many men.;;;;;;;;;;;x
d_citadel_7;Behold! A citadel of legends, known to all of man until the end of time, that not even the heroes of old could breach.;;;;;;;;;;;x
ca_gar_q_1;Small Defense Band;;;;;;;;;;;x
ca_gar_q_2;Defense Band;;;;;;;;;;;x
ca_gar_q_3;Minimal Garrison;;;;;;;;;;;x
ca_gar_q_4;Small Local Garrison;;;;;;;;;;;x
ca_gar_q_5;Local Garrison;;;;;;;;;;;x
ca_gar_q_6;Lesser Garrison;;;;;;;;;;;x
ca_gar_q_7;Small Garrison;;;;;;;;;;;x
d_gar;Expand your defences with more men to guard both the lands and the castle.;;;;;;;;;;;x
ca_defpolicy_q_1;Primitive Defense Policy Initiative;;;;;;;;;;;x
ca_defpolicy_q_2;Primitive Defense Policy;;;;;;;;;;;x
ca_defpolicy_q_3;Inferior Local Defense Policy;;;;;;;;;;;x
ca_defpolicy_q_4;Superior Local Defense Policy;;;;;;;;;;;x
ca_defpolicy_q_5;Organized Defense Policy;;;;;;;;;;;x
ca_defpolicy_q_6;Superior Defense Policy;;;;;;;;;;;x
ca_defpolicy_q_7;Advanced Defense Policy;;;;;;;;;;;x
d_defpolicy;Develop new policies that will make the defence of the realm stronger than ever.;;;;;;;;;;;x
ca_defsystem_q_1;Primitive Defense System Initiative;;;;;;;;;;;x
ca_defsystem_q_2;Primitive Defense System;;;;;;;;;;;x
ca_defsystem_q_3;Minimal Defense System;;;;;;;;;;;x
ca_defsystem_q_4;Defense System Improvement;;;;;;;;;;;x
ca_defsystem_q_5;Local Defense System;;;;;;;;;;;x
ca_defsystem_q_6;Regional Defense System;;;;;;;;;;;x
ca_defsystem_q_7;Advanced Defense System;;;;;;;;;;;x
d_defsystem;Establish defensive systems to further encompass the realm.;;;;;;;;;;;x
ca_localaristocracy_1;Local Minor Nobility;;;;;;;;;;;x
ca_localaristocracy_2;Minor Nobility;;;;;;;;;;;x
ca_localaristocracy_3;Incipient Local Aristocracy;;;;;;;;;;;x
ca_localaristocracy_4;Local Aristocracy;;;;;;;;;;;x
ca_localaristocracy_5;Minor Local Aristocrats;;;;;;;;;;;x
ca_localaristocracy_6;Local Aristocrats;;;;;;;;;;;x
ca_localaristocracy_7;Regional Aristocracy;;;;;;;;;;;x
d_localaristocracy;Establish a system of nobility, giving them fiefs that they will hold in exchange for men.;;;;;;;;;;;x
ca_militaryaristocracy_1;Incipient Military Aristocracy;;;;;;;;;;;x
ca_militaryaristocracy_2;Minor Military Nobility;;;;;;;;;;;x
ca_militaryaristocracy_3;Local Military Nobility;;;;;;;;;;;x
ca_militaryaristocracy_4;Military Aristocratic Tradition;;;;;;;;;;;x
ca_militaryaristocracy_5;Local Military Aristocracy;;;;;;;;;;;x
ca_militaryaristocracy_6;Regional Military Aristocracy;;;;;;;;;;;x
ca_militaryaristocracy_7;Military Aristocratic Houses;;;;;;;;;;;x
d_militaryaristocracy;Empower the warrior class as well and allow them to own land in exchange for military service.;;;;;;;;;;;x
ca_householdtroops_1;Small Arisocratic Retinues;;;;;;;;;;;x
ca_householdtroops_2;Aristocratic Retinues;;;;;;;;;;;x
ca_householdtroops_3;Aristocratic Bodyguards;;;;;;;;;;;x
ca_householdtroops_4;Household Troops Training;;;;;;;;;;;x
ca_householdtroops_5;Aristocratic Household Troops;;;;;;;;;;;x
ca_householdtroops_6;Superior Household Troops;;;;;;;;;;;x
ca_householdtroops_7;Elite Household Troops;;;;;;;;;;;x
d_householdtroops;Establish a priviledged force that will serve as your personal retainers in times of war and peace.;;;;;;;;;;;x
ca_milset_1;Military Settlers Initiative;;;;;;;;;;;x
ca_milset_2;Military Settlers Pockets;;;;;;;;;;;x
ca_milset_3;Military Settlers;;;;;;;;;;;x
ca_milset_4;Low Level Military Settlements;;;;;;;;;;;x
ca_milset_5;Military Settlers Policy;;;;;;;;;;;x
ca_milset_6;Large Scale Military Settlers Policy;;;;;;;;;;;x
ca_milset_7;Advanced Military Settlers Policy;;;;;;;;;;;x
ca_milset_8;Provincial Military Settlers Network;;;;;;;;;;;x
ca_milset_9;Realm Military Settlers System;;;;;;;;;;;x
d_milset;Organize settlements of land in exchange for men.;;;;;;;;;;;x
ca_milhold_1;Military Settlers Holdings;;;;;;;;;;;x
ca_milhold_2;Small Scale Military Settlers Holdings;;;;;;;;;;;x
ca_milhold_3;Fortified Military Settlers Holdings;;;;;;;;;;;x
ca_milhold_4;Organized Military Settlers Holdings System;;;;;;;;;;;x
ca_milhold_5;Military Colony;;;;;;;;;;;x
ca_milhold_6;Advanced Military Colony;;;;;;;;;;;x
ca_milhold_7;Military Colonies System;;;;;;;;;;;x
d_milhold;Allow soldiers to establish settlements to contribute to the defence of the realm.;;;;;;;;;;;x
ca_milass_1;Military Assembly Initiative;;;;;;;;;;;x
ca_milass_2;Primitive Military Assembly System;;;;;;;;;;;x
ca_milass_3;Small Local Military Assembly System;;;;;;;;;;;x
ca_milass_4;Local Levy Assembly System;;;;;;;;;;;x
ca_milass_5;Local Military Settlers Assembly System;;;;;;;;;;;x
ca_milass_6;Military Assembly System;;;;;;;;;;;x
ca_milass_7;Superior Military Assembly System;;;;;;;;;;;x
d_milass;Create an assembly system that would allow levied soldiers to be gathered more effectively.;;;;;;;;;;;x
ca_concent_1;Primitive Conscription Initiative;;;;;;;;;;;x
ca_concent_2;Primitive Conscription System;;;;;;;;;;;x
ca_concent_3;Early Conscription;;;;;;;;;;;x
ca_concent_4;Conscription Gathering Grounds;;;;;;;;;;;x
ca_concent_5;Conscription Center;;;;;;;;;;;x
ca_concent_6;Regional Conscription Center;;;;;;;;;;;x
ca_concent_7;Advanced Conscription Center;;;;;;;;;;;x
d_concent;Impress men without trade or labor into service for your increasingly organized host.;;;;;;;;;;;x
ca_proftroops_1;Professional Military Initiative;;;;;;;;;;;x
ca_proftroops_2;Primitive Professional Military;;;;;;;;;;;x
ca_proftroops_3;Local Standing Troops;;;;;;;;;;;x
ca_proftroops_4;Professional Units;;;;;;;;;;;x
ca_proftroops_5;Integrated Professional Units;;;;;;;;;;;x
ca_proftroops_6;Professional Army;;;;;;;;;;;x
ca_proftroops_7;Professional Military;;;;;;;;;;;x
d_proftroops;Develop the beginnings a professional military.;;;;;;;;;;;x
ct_partner_1;Primitive City Merchant Partnerships;;;;;;;;;;;x
ct_partner_2;Early City Merchant Partnerships;;;;;;;;;;;x
ct_partner_3;City Merchant Partnerships;;;;;;;;;;;x
ct_partner_4;Mutual Interests Merchant Associations;;;;;;;;;;;x
ct_partner_5;Specialized Merchant Partnerships;;;;;;;;;;;x
ct_partner_6;Longterm Merchant Partnerships;;;;;;;;;;;x
ct_partner_7;Contractual Longterm Merchant Partnerships;;;;;;;;;;;x
d_ctpartner;Form closer ties with the local merchants, allowing better trade benefits;;;;;;;;;;;x
ct_marketplace_1;City Merchants Associations;;;;;;;;;;;x
ct_marketplace_2;Joint Ventures Associations;;;;;;;;;;;x
ct_marketplace_3;Primitive Merchant Guild;;;;;;;;;;;x
ct_marketplace_4;Early Merchant Guild;;;;;;;;;;;x
ct_marketplace_5;Merchant Guild;;;;;;;;;;;x
ct_marketplace_6;Well Organized Merchant Guild;;;;;;;;;;;x
ct_marketplace_7;Highly Organized Merchant Guild;;;;;;;;;;;x
ct_warehouse_1;Primitive Commercial Storage;;;;;;;;;;;x
ct_warehouse_2;Limited Commercial Storage;;;;;;;;;;;x
ct_warehouse_3;Primitive Warehouse;;;;;;;;;;;x
ct_warehouse_4;Small Warehouse;;;;;;;;;;;x
ct_warehouse_5;Warehouse;;;;;;;;;;;x
ct_warehouse_6;Expanded Warehouse;;;;;;;;;;;x
ct_warehouse_7;Large Warehouse;;;;;;;;;;;x
d_ctmarket;Establish a merchant guild, allowing greater control over trade.;;;;;;;;;;;x
d_ctwarehouse;Build warehouses that allow goods to be stocked, which allow for control over the market;;;;;;;;;;;x
ct_fquarter_1;Foreign Merchants;;;;;;;;;;;x
ct_fquarter_2;Foreign Merchants Protection Policy;;;;;;;;;;;x
ct_fquarter_3;Small Foreign Merchants Enclave;;;;;;;;;;;x
ct_fquarter_4;Foreign Merchants Enclave;;;;;;;;;;;x
ct_fquarter_5;Small Foreign Merchants Quarter;;;;;;;;;;;x
ct_fquarter_6;Foreign Merchants Quarter;;;;;;;;;;;x
ct_fquarter_7;Large Foreign Merchants Quarter;;;;;;;;;;;x
d_ctfquarter;Allow merchants to establish trading enclaves to enhance in your cities, from which the realm benefits benefit;;;;;;;;;;;x
ct_emporium_1;Primitive Emporium;;;;;;;;;;;x
ct_emporium_2;Small Scale Emporium;;;;;;;;;;;x
ct_emporium_3;Emporium;;;;;;;;;;;x
ct_emporium_4;Expanded Emporium;;;;;;;;;;;x
ct_emporium_5;Advanced Emporium;;;;;;;;;;;x
ct_emporium_6;Renowned Emporium;;;;;;;;;;;x
ct_emporium_7;Legendary Emporium;;;;;;;;;;;x
d_ctemporium;Invest in an emporium for the foreign merchants, allowing them to sell wares from all over;;;;;;;;;;;x
ct_roads_1;Local Paths;;;;;;;;;;;x
ct_roads_2;Local Trade Paths;;;;;;;;;;;x
ct_roads_3;Road Building;;;;;;;;;;;x
ct_roads_4;Primitive Roads;;;;;;;;;;;x
ct_roads_5;Primitive Trade Roads;;;;;;;;;;;x
ct_roads_6;Local Roads System;;;;;;;;;;;x
ct_roads_7;Regional Roads System;;;;;;;;;;;x
ct_tolls_1;Toll Collection;;;;;;;;;;;x
ct_tolls_2;Toll Road;;;;;;;;;;;x
ct_tolls_3;Local Tolls;;;;;;;;;;;x
ct_tolls_4;Local Tolls System;;;;;;;;;;;x
ct_tolls_5;Toll Roads System;;;;;;;;;;;x
ct_tolls_6;Regional Tolls;;;;;;;;;;;x
ct_tolls_7;Advanced Tolls System;;;;;;;;;;;x
ct_spelljammer_port;Spelljammer Port;;;;;;;;;;;x
ct_spelljammer_port_desc;The city has set aside an area for magical flying spelljammer ships to dock. Specially trained wizards direct the ships as they arrive and depart.;;;;;;;;;;;x
ct_planar_portal;Planar Portal;;;;;;;;;;;x
ct_planar_portal_desc;Powerful magic has twisted the very fabric of space and time. A hidden doorway in the city periodically opens onto other worlds and planes, allowing people and secrets to pass through.;;;;;;;;;;;x
ct_pavedroads_1;Primitive Road Paving Techniques;;;;;;;;;;;x
ct_pavedroads_2;Limited Road Paving;;;;;;;;;;;x
ct_pavedroads_3;Road Paving;;;;;;;;;;;x
ct_pavedroads_4;Local Paved Roads;;;;;;;;;;;x
ct_pavedroads_5;Paved Main Roads;;;;;;;;;;;x
ct_pavedroads_6;Regional Paved Roads;;;;;;;;;;;x
ct_pavedroads_7;Paved Roads System;;;;;;;;;;;x
ca_adventurers_1;Local Adventurers;;;;;;;;;;;x
ca_adventurers_2;Realm Adventurers;;;;;;;;;;;x
ca_adventurers_3;Foreign Adventuers;;;;;;;;;;;x
ca_adventurers_desc;Adventurers have defined Faerûn's world for many centuries. This represents adventurers resting in your holdings, preparing for the dangerous missions they will go on.;;;;;;;;;;;x
ct_customs_1;Primitive Customs Implementation;;;;;;;;;;;x
ct_customs_2;Local Customs;;;;;;;;;;;x
ct_customs_3;Trade Duties;;;;;;;;;;;x
ct_customs_4;Trade Duties System;;;;;;;;;;;x
ct_customs_5;Limited Tarrifs;;;;;;;;;;;x
ct_customs_6;Tarrifs Collection System;;;;;;;;;;;x
ct_customs_7;Advanced Tarrifs Collection System;;;;;;;;;;;x
ct_highways_1;Enlarged Paved Roads;;;;;;;;;;;x
ct_highways_2;Advanced Road Construction Techniques;;;;;;;;;;;x
ct_highways_3;Primitive Highways;;;;;;;;;;;x
ct_highways_4;Highways;;;;;;;;;;;x
ct_highways_5;Improved Highways;;;;;;;;;;;x
ct_highways_6;Highways System;;;;;;;;;;;x
ct_highways_7;Advanced Highways System;;;;;;;;;;;x
ct_farming_1;Minimal Agriculture;;;;;;;;;;;x
ct_farming_2;Minimal Agriculture;;;;;;;;;;;x
ct_farming_3;Small Scale Agriculture;;;;;;;;;;;x
ct_farming_4;Small Scale Agriculture;;;;;;;;;;;x
ct_farming_5;Limited Farming;;;;;;;;;;;x
ct_farming_6;Limited Farming;;;;;;;;;;;x
ct_farming_7;Regional Farming;;;;;;;;;;;x
ct_irrigationsystem_1;Minimal Irrigation System;;;;;;;;;;;x
ct_irrigationsystem_2;Minimal Irrigation System;;;;;;;;;;;x
ct_irrigationsystem_3;Rudimentary Irrigation System;;;;;;;;;;;x
ct_irrigationsystem_4;Rudimentary Irrigation System;;;;;;;;;;;x
ct_irrigationsystem_5;Irrigation System;;;;;;;;;;;x
ct_irrigationsystem_6;Regional Irrigation System;;;;;;;;;;;x
ct_irrigationsystem_7;Advanced Irrigation System;;;;;;;;;;;x
ct_landdev_1;Primitive Land Development Techniques;;;;;;;;;;;x
ct_landdev_2;Primitive Land Development Techniques;;;;;;;;;;;x
ct_landdev_3;Minimal Land Development;;;;;;;;;;;x
ct_landdev_4;Land Development;;;;;;;;;;;x
ct_landdev_5;Advanced Land Development;;;;;;;;;;;x
ct_landdev_6;Large Scale Land Development;;;;;;;;;;;x
ct_landdev_7;Regional Land Development;;;;;;;;;;;x
ct_landdev_8;Provincial Land Development;;;;;;;;;;;x
ct_landdev_9;Realm Land Development;;;;;;;;;;;x
ct_herding_1;Limited Herding;;;;;;;;;;;x
ct_herding_2;Limited Herding;;;;;;;;;;;x
ct_herding_3;Droving Techniques;;;;;;;;;;;x
ct_herding_4;Droving Techniques;;;;;;;;;;;x
ct_herding_5;Herding Specialization;;;;;;;;;;;x
ct_herding_6;Large Scale Herding;;;;;;;;;;;x
ct_herding_7;Regional Herding;;;;;;;;;;;x
ct_pastures_1;Small Grazing Land;;;;;;;;;;;x
ct_pastures_2;Grazing Land;;;;;;;;;;;x
ct_pastures_3;Pastoralism Techniques;;;;;;;;;;;x
ct_pastures_4;Pastoralism Techniques;;;;;;;;;;;x
ct_pastures_5;Small Pastures;;;;;;;;;;;x
ct_pastures_6;Pastures;;;;;;;;;;;x
ct_pastures_7;Regional Pastures;;;;;;;;;;;x
ct_granary_q_1;Small Food Storage Initiative;;;;;;;;;;;x
ct_granary_q_2;Small Food Stores;;;;;;;;;;;x
ct_granary_q_3;Primitive Granary;;;;;;;;;;;x
ct_granary_q_4;Local Granary;;;;;;;;;;;x
ct_granary_q_5;Small Granary;;;;;;;;;;;x
ct_granary_q_6;Large Granary;;;;;;;;;;;x
ct_granary_q_7;Advanced Granary;;;;;;;;;;;x
ct_mill_1;Primitive Grinding Techniques;;;;;;;;;;;x
ct_mill_2;Grinding Techniques;;;;;;;;;;;x
ct_mill_3;Primitive Mill;;;;;;;;;;;x
ct_mill_4;Small Mill;;;;;;;;;;;x
ct_mill_5;Mill;;;;;;;;;;;x
ct_mill_6;Large Mill;;;;;;;;;;;x
ct_mill_7;Advanced Mill;;;;;;;;;;;x
ct_smarket_1;Local Bartering;;;;;;;;;;;x
ct_smarket_2;Farmers Bartering;;;;;;;;;;;x
ct_smarket_3;Produce Bartering;;;;;;;;;;;x
ct_smarket_4;Primitive Market;;;;;;;;;;;x
ct_smarket_5;Small Local Market;;;;;;;;;;;x
ct_smarket_6;Small Market;;;;;;;;;;;x
ct_smarket_7;Market;;;;;;;;;;;x
ct_sfair_1;Small Trade Gathering;;;;;;;;;;;x
ct_sfair_2;Trade Gathering;;;;;;;;;;;x
ct_sfair_3;Annual Local Fair;;;;;;;;;;;x
ct_sfair_4;Small Local Fair;;;;;;;;;;;x
ct_sfair_5;Local Fair;;;;;;;;;;;x
ct_sfair_6;Small Fair;;;;;;;;;;;x
ct_sfair_7;Fair;;;;;;;;;;;x
ct_compol_1;Small Trading Initiative;;;;;;;;;;;x
ct_compol_2;Local Trading Initiative;;;;;;;;;;;x
ct_compol_3;Trading Initiative;;;;;;;;;;;x
ct_compol_4;Incipient Commercial Policy;;;;;;;;;;;x
ct_compol_5;Limited Commercial Policy;;;;;;;;;;;x
ct_compol_6;Commercial Policy;;;;;;;;;;;x
ct_compol_7;Superior Commercial Policy;;;;;;;;;;;x
ct_locmerch_1;Localized Trading;;;;;;;;;;;x
ct_locmerch_2;Local Trade Contacts;;;;;;;;;;;x
ct_locmerch_3;Local Merchants;;;;;;;;;;;x
ct_locmerch_4;Specialized Local Merchants;;;;;;;;;;;x
ct_locmerch_5;Local Merchant Cooperation;;;;;;;;;;;x
ct_locmerch_6;Local Merchant Networks;;;;;;;;;;;x
ct_locmerch_7;Regional Merchant Networks;;;;;;;;;;;x
ct_largemarket_1;Trading Infrastructure;;;;;;;;;;;x
ct_largemarket_2;Improved Trading Infrastructure;;;;;;;;;;;x
ct_largemarket_3;Large Local Market;;;;;;;;;;;x
ct_largemarket_4;Large Market;;;;;;;;;;;x
ct_largemarket_5;Large Specialized Market;;;;;;;;;;;x
ct_largemarket_6;Large Market System;;;;;;;;;;;x
ct_largemarket_7;Advanced Market System;;;;;;;;;;;x
ct_largefair_1;Annual Large Fair;;;;;;;;;;;x
ct_largefair_2;Local Large Fair;;;;;;;;;;;x
ct_largefair_3;Specialized Large Fair;;;;;;;;;;;x
ct_largefair_4;Commercial Fairs System;;;;;;;;;;;x
ct_largefair_5;Provincial Fairs;;;;;;;;;;;x
ct_largefair_6;Large Provincial Fairs;;;;;;;;;;;x
ct_largefair_7;Renowned Regional Fair;;;;;;;;;;;x
ct_comventures_1;Primitive Trade Ventures;;;;;;;;;;;x
ct_comventures_2;Local Trade Ventures;;;;;;;;;;;x
ct_comventures_3;Temporary Partnerships;;;;;;;;;;;x
ct_comventures_4;Longterm Partnerships;;;;;;;;;;;x
ct_comventures_5;Commercial Ventures;;;;;;;;;;;x
ct_comventures_6;Advanced Commercial Ventures;;;;;;;;;;;x
ct_comventures_7;Business Partnerships;;;;;;;;;;;x
ct_foreignvents_1;Distance Trading;;;;;;;;;;;x
ct_foreignvents_2;Long Distance Trading Initiatives;;;;;;;;;;;x
ct_foreignvents_3;Long Distance Trading;;;;;;;;;;;x
ct_foreignvents_4;Foreign Ventures;;;;;;;;;;;x
ct_foreignvents_5;Advanced Foreign Ventures;;;;;;;;;;;x
ct_foreignvents_6;Foreign Commercial Policy;;;;;;;;;;;x
ct_foreignvents_7;Foreign Partnerships;;;;;;;;;;;x
ct_foreignvents_8;Foreign Partnership Networks;;;;;;;;;;;x
ct_foreignvents_9;Foreign Relations Systems;;;;;;;;;;;x
ct_traderoutes_1;Trade Route Establishment;;;;;;;;;;;x
ct_traderoutes_2;Primitive Trade Routes;;;;;;;;;;;x
ct_traderoutes_3;Small Trade Routes;;;;;;;;;;;x
ct_traderoutes_4;Long Distance Trade Routes;;;;;;;;;;;x
ct_traderoutes_5;Advanced Trade Routes;;;;;;;;;;;x
ct_traderoutes_6;Continental Trade Routes;;;;;;;;;;;x
ct_traderoutes_7;Major Commercial Route;;;;;;;;;;;x
ct_traderoutes_8;Regional Routes;;;;;;;;;;;x
ct_traderoutes_9;Realm Route Network;;;;;;;;;;;x
ct_tradeprot_1;Trade Routes Protection Initiative;;;;;;;;;;;x
ct_tradeprot_2;Limited Trade Routes Protection Policy;;;;;;;;;;;x
ct_tradeprot_3;Trade Routes Protection Policy;;;;;;;;;;;x
ct_tradeprot_4;Advanced Trade Routes Protection Policy;;;;;;;;;;;x
ct_tradeprot_5;Small Trade Routes Protection System;;;;;;;;;;;x
ct_tradeprot_6;Superior Trade Routes Protection System;;;;;;;;;;;x
ct_tradeprot_7;Advanced Trade Routes Protection System;;;;;;;;;;;x
ct_tradeprot_8;Realm-wide Trade Route Protection;;;;;;;;;;;x
ct_tradeprot_9;Inter-realm Trade Route Protection;;;;;;;;;;;x
ct_tradecol_1;Small Traders Compound;;;;;;;;;;;x
ct_tradecol_2;Traders Compound;;;;;;;;;;;x
ct_tradecol_3;Large Traders Compound;;;;;;;;;;;x
ct_tradecol_4;Small Trading Post;;;;;;;;;;;x
ct_tradecol_5;Trading Post;;;;;;;;;;;x
ct_tradecol_6;Trade Colony;;;;;;;;;;;x
ct_tradecol_7;Large Trade Colony;;;;;;;;;;;x
ct_tradecol_8;Regional Trade Colonies;;;;;;;;;;;x
ct_tradecol_9;Realm Trade Colony Network;;;;;;;;;;;x
d_tradeprot;The spice MUST flow.;;;;;;;;;;;x
d_tradecol;Sometimes, the best deals are done directly in foreign lands. Establishing trade colonies also allows your merchants direct access to their markets.;;;;;;;;;;;x
d_traderoutes;The act of exchange requires a path of exchange.;;;;;;;;;;;x
d_foreignvents;Look towards the horizon, and somewhere out there are people interested in your wares.;;;;;;;;;;;x
ct_fport_1;Small Harbour;Embarcadère;Kleiner Hafen;;Puerto pequeño;;;;;;;x
ct_fport_2;Harbour;Petit port;Hafen;;Puerto;;;;;;;x
ct_fport_3;Small Port;Port;Kleiner Hafen;;Puerto pequeño;;;;;;;x
ct_fport_4;Medium Port;Grand port;Mittlerer Hafen;;Puerto mediano;;;;;;;x
ct_fport_5;Large Port;Chantier naval;Großer Hafen;;Puerto grande;;;;;;;x
ct_fport_6;Huge Port;;;;;;;;;;;x
ct_fport_7;Advanced Port;;;;;;;;;;;x
ct_fport_8;Regional Ports;;;;;;;;;;;x
ct_fport_9;Realm Port Network;;;;;;;;;;;x
d_port;Establish ports that allow the flow of trade to and from your cities.;;;;;;;;;;;x
ct_scribes_1;Local Scribes;;;;;;;;;;;x
ct_scribes_2;Scribes Training;;;;;;;;;;;x
ct_scribes_3;Advanced Scribes Training;;;;;;;;;;;x
ct_scribes_4;Administrative Scribes;;;;;;;;;;;x
ct_scribes_5;Scribes Training Tradition;;;;;;;;;;;x
ct_scribes_6;Local Government Scribes;;;;;;;;;;;x
ct_scribes_7;Large Scale Scribes Training;;;;;;;;;;;x
ct_scribes_8;Scribes Network;;;;;;;;;;;x
ct_scribes_9;Realm Scribe System;;;;;;;;;;;x
ct_library_1;Small Manuscripts Collections;;;;;;;;;;;x
ct_library_2;Small Library;;;;;;;;;;;x
ct_library_3;Local Library;;;;;;;;;;;x
ct_library_4;Administrative Manuscripts Collection;;;;;;;;;;;x
ct_library_5;Administrative Library;;;;;;;;;;;x
ct_library_6;Large Library;;;;;;;;;;;x
ct_library_7;Renowned Library;;;;;;;;;;;x
ct_library_8;Provincial Library Network;;;;;;;;;;;x
ct_library_9;Realm Library Networks;;;;;;;;;;;x
ct_schools_1;Minimal Traditional Education;;;;;;;;;;;x
ct_schools_2;Limited Traditional Education;;;;;;;;;;;x
ct_schools_3;Local Teaching Initiative;;;;;;;;;;;x
ct_schools_4;Local Teaching;;;;;;;;;;;x
ct_schools_5;Primitive Schools;;;;;;;;;;;x
ct_schools_6;Minimal Education Schools;;;;;;;;;;;x
ct_schools_7;Schools;;;;;;;;;;;x
ct_teachingtradition_1;Primitive Teaching Techniques;;;;;;;;;;;x
ct_teachingtradition_2;Teaching Techniques;;;;;;;;;;;x
ct_teachingtradition_3;Superior Teaching Techniques;;;;;;;;;;;x
ct_teachingtradition_4;Advanced Teaching Techniques;;;;;;;;;;;x
ct_teachingtradition_5;Incipient Teaching Tradition;;;;;;;;;;;x
ct_teachingtradition_6;Teaching Tradition;;;;;;;;;;;x
ct_teachingtradition_7;Advanced Teaching Tradition;;;;;;;;;;;x
ct_teachingtradition_8;Realm Teaching Schools;;;;;;;;;;;x
ct_teachingtradition_9;Integrated Teaching Schools;;;;;;;;;;;x
ct_engineers_1;Advanced Mathematical Education;;;;;;;;;;;x
ct_engineers_2;Engineering Education;;;;;;;;;;;x
ct_engineers_3;Primitive Engineering Training;;;;;;;;;;;x
ct_engineers_4;Engineering Training;;;;;;;;;;;x
ct_engineers_5;Advanced Engineering;;;;;;;;;;;x
ct_engineers_6;Professional Engineers;;;;;;;;;;;x
ct_engineers_7;Superior Engineers;;;;;;;;;;;x
ct_engineers_8;Realm Engineering Guild;;;;;;;;;;;x
ct_engineers_9;Engineering Hub;;;;;;;;;;;x
ct_university_1;Small University;;;;;;;;;;;x
ct_university_2;Medium University;;;;;;;;;;;x
ct_university_3;Large University;;;;;;;;;;;x
ct_university_4;Expanded Large University;;;;;;;;;;;x
ct_university_5;Advanced University;;;;;;;;;;;x
ct_university_6;Renowned University;;;;;;;;;;;x
ct_university_7;Legendary University;;;;;;;;;;;x
ct_university_8;Provincial University Network;;;;;;;;;;;x
ct_university_9;Realm University Network;;;;;;;;;;;x
ct_university_1_mus;Small Zakharan University;;;;;;;;;;;x
ct_university_2_mus;Medium Zakharan University;;;;;;;;;;;x
ct_university_3_mus;Large Zakharan University;;;;;;;;;;;x
ct_university_4_mus;Expanded Large Zakharan University;;;;;;;;;;;x
ct_university_5_mus;Advanced Zakharan University;;;;;;;;;;;x
ct_university_6_mus;Renowned Zakharan University;;;;;;;;;;;x
ct_university_7_mus;Legendary Zakharan University;;;;;;;;;;;x
ct_university_8_mus;Provincial Zakharan University Network;;;;;;;;;;;x
ct_university_9_mus;Realm Zakharan University Network;;;;;;;;;;;x
d_university;An institution devoted to the preservation and dissemination of knowledge;;;;;;;;;;;x
ct_control_1;Minimal Control;;;;;;;;;;;x
ct_control_2;Minimal Control;;;;;;;;;;;x
ct_control_3;Limited Control;;;;;;;;;;;x
ct_control_4;Limited Control;;;;;;;;;;;x
ct_control_5;Moderate Control;;;;;;;;;;;x
ct_control_6;Advanced Control;;;;;;;;;;;x
ct_control_7;Complete Regional Control;;;;;;;;;;;x
ct_control_8;Complete Provincial Control;;;;;;;;;;;x
ct_control_9;Realm Control;;;;;;;;;;;x
ct_admin_1;Primitive Administrative Initiative;;;;;;;;;;;x
ct_admin_2;Administrative Initiative;;;;;;;;;;;x
ct_admin_3;Administration Implementation;;;;;;;;;;;x
ct_admin_4;Incipient Administration;;;;;;;;;;;x
ct_admin_5;Minimal Administration;;;;;;;;;;;x
ct_admin_6;Small Scale Administration;;;;;;;;;;;x
ct_admin_7;Local Administration;;;;;;;;;;;x
ct_admin_8;Regional Administration;;;;;;;;;;;x
ct_admin_9;Realm Administration;;;;;;;;;;;x
ct_villageheads_1;Village Elders;;;;;;;;;;;x
ct_villageheads_2;Appointed Village Elder;;;;;;;;;;;x
ct_villageheads_3;Local Mediator;;;;;;;;;;;x
ct_villageheads_4;Village Head;;;;;;;;;;;x
ct_villageheads_5;Appointed Village Head;;;;;;;;;;;x
ct_villageheads_6;Local Village Headmen;;;;;;;;;;;x
ct_villageheads_7;Village Headmen System;;;;;;;;;;;x
ct_villageheads_8;Regional Village Headmen;;;;;;;;;;;x
ct_villageheads_9;Regional Village Headmen System;;;;;;;;;;;x
ct_taxfarming_1;Tax Farming Initiative;;;;;;;;;;;x
ct_taxfarming_2;Primitive Tax Farming;;;;;;;;;;;x
ct_taxfarming_3;Limited Local Tax Farming;;;;;;;;;;;x
ct_taxfarming_4;Organized Tax Farming;;;;;;;;;;;x
ct_taxfarming_5;Publican System;;;;;;;;;;;x
ct_taxfarming_6;Superior Publican System;;;;;;;;;;;x
ct_taxfarming_7;Advanced Publican System;;;;;;;;;;;x
ct_taxfarming_8;Advanced Publican System;;;;;;;;;;;x
ct_taxfarming_9;Advanced Publican System;;;;;;;;;;;x
ct_bailiffs_1;Local Overseers Initiative;;;;;;;;;;;x
ct_bailiffs_2;Primitive Local Overseers System;;;;;;;;;;;x
ct_bailiffs_3;Early Overseers System;;;;;;;;;;;x
ct_bailiffs_4;Local Bailiffs;;;;;;;;;;;x
ct_bailiffs_5;Bailiffs System;;;;;;;;;;;x
ct_bailiffs_6;Organized Bailiffs System;;;;;;;;;;;x
ct_bailiffs_7;Advanced Bailiffs System;;;;;;;;;;;x
ct_bailiffs_8;Regional Bailiffs Network;;;;;;;;;;;x
ct_bailiffs_9;Realm Bailiffs Network;;;;;;;;;;;x
ct_lawenforce_1;Law Enforcement Initiative;;;;;;;;;;;x
ct_lawenforce_2;Primitive Law Enforcement;;;;;;;;;;;x
ct_lawenforce_3;Early Law Enforcement;;;;;;;;;;;x
ct_lawenforce_4;Law Enforcement;;;;;;;;;;;x
ct_lawenforce_5;Regional Law Enforcement Initiative;;;;;;;;;;;x
ct_lawenforce_6;Regional Law Enforcement;;;;;;;;;;;x
ct_lawenforce_7;Law Enforcement Policy;;;;;;;;;;;x
ct_localpolice_1;Primitive Policing Initiative;;;;;;;;;;;x
ct_localpolice_2;Local Watchmen;;;;;;;;;;;x
ct_localpolice_3;Local Watchmen System;;;;;;;;;;;x
ct_localpolice_4;Primitive Local Policing;;;;;;;;;;;x
ct_localpolice_5;Organized Policing Initiative;;;;;;;;;;;x
ct_localpolice_6;Organized Policing System;;;;;;;;;;;x
ct_localpolice_7;Local Policing;;;;;;;;;;;x
ct_localpolice_8;Regional Policing;;;;;;;;;;;x
ct_localpolice_9;Realm Police Network;;;;;;;;;;;x
ct_court_1;Primitive Trial System;;;;;;;;;;;x
ct_court_2;Trial System;;;;;;;;;;;x
ct_court_3;Primitive Local Court;;;;;;;;;;;x
ct_court_4;Small Local Court;;;;;;;;;;;x
ct_court_5;Local Court;;;;;;;;;;;x
ct_court_6;Organized Trials System;;;;;;;;;;;x
ct_court_7;Courts System;;;;;;;;;;;x
ct_court_8;Provincial Courts System;;;;;;;;;;;x
ct_court_9;Realm Court Network;;;;;;;;;;;x
ct_localjudges_1;Primitive Judicial System;;;;;;;;;;;x
ct_localjudges_2;Minimal Law Code Implementation;;;;;;;;;;;x
ct_localjudges_3;Law Code Implementation;;;;;;;;;;;x
ct_localjudges_4;Judicial System;;;;;;;;;;;x
ct_localjudges_5;Judicial Training;;;;;;;;;;;x
ct_localjudges_6;Local Judges;;;;;;;;;;;x
ct_localjudges_7;Local Judges System;;;;;;;;;;;x
ct_localautonomy_1;Local Autonomy Initiative;;;;;;;;;;;x
ct_localautonomy_2;Self Governing Locales;;;;;;;;;;;x
ct_localautonomy_3;Minimal Local Involvement;;;;;;;;;;;x
ct_localautonomy_4;Local Autonomous Areas;;;;;;;;;;;x
ct_localautonomy_5;Local Autonomy;;;;;;;;;;;x
ct_localautonomy_6;Increased Local Autonomy;;;;;;;;;;;x
ct_localautonomy_7;Local Autonomy Policy;;;;;;;;;;;x
ct_localautonomy_8;Regional Autonomy Policies;;;;;;;;;;;x
ct_localautonomy_9;Realm Autonomous Policies;;;;;;;;;;;x
tr_merchant_1;Minor Local Merchant Preference;;;;;;;;;;;x
tr_merchant_2;Minor Local Merchant Preference;;;;;;;;;;;x
tr_merchant_3;Local Merchant Preference;;;;;;;;;;;x
tr_merchant_4;Local Merchant Preference;;;;;;;;;;;x
tr_merchant_5;Extensive Local Merchant Preference;;;;;;;;;;;x
tr_merchant_6;Extensive Local Merchant Preference;;;;;;;;;;;x
tr_merchant_7;Comprehensive Local Merchant Preference;;;;;;;;;;;x
tr_merchant_8;Comprehensive Local Merchant Preference;;;;;;;;;;;x
tr_merchant_9;Local Merchant Monopoly;;;;;;;;;;;x
tr_merchant_10;Local Merchant Monopoly;;;;;;;;;;;x
d_merchant;Empower your merchants to allow them to control the trade of the region.;;;;;;;;;;;x
tb_corsaba_1;Small Guards Corps;;;;;;;;;;;x
tb_corsaba_2;Guards Corps;;;;;;;;;;;x
tb_corsaba_3;Large Guards Corps;;;;;;;;;;;x
ca_corsaba_1;Small Guards Corps;;;;;;;;;;;x
ca_corsaba_2;Guards Corps;;;;;;;;;;;x
ca_corsaba_3;Large Guards Corps;;;;;;;;;;;x
ct_urbanmilitia_1;Urban Militia;;;;;;;;;;;x
ct_urbanmilitia_2;Urban Militia;;;;;;;;;;;x
ct_urbanmilitia_3;Urban Militia;;;;;;;;;;;x
ct_urbanmilitia_4;Urban Militia;;;;;;;;;;;x
ct_urbanmilitia_5;Urban Militia;;;;;;;;;;;x
ct_urbanmilitia_6;Urban Militia;;;;;;;;;;;x
ct_urbanmilitia_7;Urban Militia;;;;;;;;;;;x
ct_urbanmilitia_8;Urban Militia;;;;;;;;;;;x
ct_urbanmilitia_9;Urban Militia;;;;;;;;;;;x
d_urbanmilitia;Soldiers drafted from and trained in urban combat.;;;;;;;;;;;x
tp_sshrine_1;Local Sacred Place;;;;;;;;;;;x
tp_sshrine_2;Revered Sacred Place;;;;;;;;;;;x
tp_sshrine_3;Makeshift Altar;;;;;;;;;;;x
tp_sshrine_4;Rudimentary Altar;;;;;;;;;;;x
tp_sshrine_5;Small Devotional Altar;;;;;;;;;;;x
tp_sshrine_6;Devotional Altar;;;;;;;;;;;x
tp_sshrine_7;Small Shrine;;;;;;;;;;;x
tp_sshrine_8;Shrine;;;;;;;;;;;x
tp_sshrine_9;Large Shrine;;;;;;;;;;;x
ct_lawenforce_1;Law Enforcement Initiative;;;;;;;;;;;x
ct_lawenforce_2;Primitive Law Enforcement;;;;;;;;;;;x
ct_lawenforce_3;Early Law Enforcement;;;;;;;;;;;x
ct_lawenforce_4;Law Enforcement;;;;;;;;;;;x
ct_lawenforce_5;Regional Law Enforcement Initiative;;;;;;;;;;;x
ct_lawenforce_6;Regional Law Enforcement;;;;;;;;;;;x
ct_lawenforce_7;Law Enforcement Policy;;;;;;;;;;;x
ct_lawenforce_8;Provincial Law Enforcement Policy;;;;;;;;;;;x
ct_lawenforce_9;Realm Law Enforcement Networks;;;;;;;;;;;x
ct_hiarchlilcav_1;Levy: Heavy Infantry Specialization;;;;;;;;;;;x
ct_hiarchlilcav_2;Levy: Heavy Infantry Specialization;;;;;;;;;;;x
ct_hiarchlilcav_3;Levy: Heavy Infantry Specialization;;;;;;;;;;;x
ct_hiarchlilcav_4;Levy: Heavy Infantry Specialization;;;;;;;;;;;x
ct_hiarchlilcav_5;Levy: Heavy Infantry Specialization;;;;;;;;;;;x
ct_hiarchlilcav_6;Levy: Heavy Infantry Specialization;;;;;;;;;;;x
ct_hiarchlilcav_7;Levy: Heavy Infantry Specialization;;;;;;;;;;;x
ct_hiarchlilcav_8;Levy: Heavy Infantry Specialization;;;;;;;;;;;x
ct_hiarchlilcav_9;Levy: Heavy Infantry Specialization;;;;;;;;;;;x
pp_hiarchlilcav_1;Levy: Heavy Infantry Specialization;;;;;;;;;;;x
pp_hiarchlilcav_2;Levy: Heavy Infantry Specialization;;;;;;;;;;;x
pp_hiarchlilcav_3;Levy: Heavy Infantry Specialization;;;;;;;;;;;x
pp_hiarchlilcav_4;Levy: Heavy Infantry Specialization;;;;;;;;;;;x
pp_hiarchlilcav_5;Levy: Heavy Infantry Specialization;;;;;;;;;;;x
pp_hiarchlilcav_6;Levy: Heavy Infantry Specialization;;;;;;;;;;;x
pp_hiarchlilcav_7;Levy: Heavy Infantry Specialization;;;;;;;;;;;x
pp_hiarchlilcav_8;Levy: Heavy Infantry Specialization;;;;;;;;;;;x
pp_hiarchlilcav_9;Levy: Heavy Infantry Specialization;;;;;;;;;;;x
pp_corpspraetorian_1;Small Praetorian Corps;;;;;;;;;;;x
pp_corpspraetorian_2;Praetorian Corps;;;;;;;;;;;x
pp_corpspraetorian_3;Large Praetorian Corps;;;;;;;;;;;x
tp_bailiffs_1;Local Overseers Initiative;;;;;;;;;;;x
tp_bailiffs_2;Primitive Local Overseers System;;;;;;;;;;;x
tp_bailiffs_3;Early Overseers System;;;;;;;;;;;x
tp_bailiffs_4;Local Bailiffs;;;;;;;;;;;x
tp_bailiffs_5;Bailiffs System;;;;;;;;;;;x
tp_bailiffs_6;Organized Bailiffs System;;;;;;;;;;;x
tp_bailiffs_7;Advanced Bailiffs System;;;;;;;;;;;x
tp_bailiffs_8;Provincial Bailiffs System;;;;;;;;;;;x
tp_bailiffs_9;Realm Bailiffs Network;;;;;;;;;;;x
tr_merc_1;Limited Mercenary Contracts;;;;;;;;;;;x
tr_merc_2;Limited Mercenary Contracts;;;;;;;;;;;x
tr_merc_3;Local Mercenary Contracts;;;;;;;;;;;x
tr_merc_4;Local Mercenary Contracts;;;;;;;;;;;x
tr_merc_5;Expanded Local Contracts;;;;;;;;;;;x
tr_merc_6;Expanded Local Contracts;;;;;;;;;;;x
tr_merc_7;Efficient Local Mercenary Contracts;;;;;;;;;;;x
tr_merc_8;Efficient Local Mercenary Contracts;;;;;;;;;;;x
tr_merc_9;Local Mercenary Chapter;;;;;;;;;;;x
tr_merc_10;Local Mercenary Chapter;;;;;;;;;;;x
d_tpmerc;Hire local mercenaries to join your personal retinues.;;;;;;;;;;;x
tr_guard_1;Primitive Local Guard Recruitment;;;;;;;;;;;x
tr_guard_2;Primitive Local Guard Recruitment;;;;;;;;;;;x
tr_guard_3;Local Guard Recruitment;;;;;;;;;;;x
tr_guard_4;Local Guard Recruitment;;;;;;;;;;;x
tr_guard_5;Expanded Local Guard Recruitment;;;;;;;;;;;x
tr_guard_6;Expanded Local Guard Recruitment;;;;;;;;;;;x
tr_guard_7;Efficient Local Guard Recruitment;;;;;;;;;;;x
tr_guard_8;Efficient Local Guard Recruitment;;;;;;;;;;;x
tr_guard_9;Local Guard Garrisons;;;;;;;;;;;x
tr_guard_10;Local Guard Garrisons;;;;;;;;;;;x
d_tpguard;Hire guards to protect your tradeposts.;;;;;;;;;;;x
tp_pikeli_1;Pikemen and Light Infantry;;;;;;;;;;;x
tp_pikeli_2;Pikemen and Light Infantry;;;;;;;;;;;x
tp_pikeli_3;Pikemen and Light Infantry;;;;;;;;;;;x
tp_pikeli_4;Pikemen and Light Infantry;;;;;;;;;;;x
tp_pikeli_5;Pikemen and Light Infantry;;;;;;;;;;;x
tp_pikeli_6;Pikemen and Light Infantry;;;;;;;;;;;x
tp_pikeli_7;Pikemen and Light Infantry;;;;;;;;;;;x
tp_pikeli_8;Pikemen and Light Infantry;;;;;;;;;;;x
tp_pikeli_9;Pikemen and Light Infantry;;;;;;;;;;;x
ca_tethyrian_1;Legendary Tethyrian Knights;;;;;;;;;;;x
tb_hchipro_1;Professional Heavy Cavalry and Heavy Infantry;;;;;;;;;;;x
tb_hchipro_2;Professional Heavy Cavalry and Heavy Infantry;;;;;;;;;;;x
tb_hchipro_3;Professional Heavy Cavalry and Heavy Infantry;;;;;;;;;;;x
tb_hchipro_4;Professional Heavy Cavalry and Heavy Infantry;;;;;;;;;;;x
tb_hchipro_5;Professional Heavy Cavalry and Heavy Infantry;;;;;;;;;;;x
tb_hchipro_6;Professional Heavy Cavalry and Heavy Infantry;;;;;;;;;;;x
tb_hchipro_7;Professional Heavy Cavalry and Heavy Infantry;;;;;;;;;;;x
tb_hchipro_8;Professional Heavy Cavalry and Heavy Infantry;;;;;;;;;;;x
tb_hchipro_9;Professional Heavy Cavalry and Heavy Infantry;;;;;;;;;;;x
pp_hiarchpro_1;Professional Heavy Infantry and Archers;;;;;;;;;;;x
pp_hiarchpro_2;Professional Heavy Infantry and Archers;;;;;;;;;;;x
pp_hiarchpro_3;Professional Heavy Infantry and Archers;;;;;;;;;;;x
pp_hiarchpro_4;Professional Heavy Infantry and Archers;;;;;;;;;;;x
pp_hiarchpro_5;Professional Heavy Infantry and Archers;;;;;;;;;;;x
pp_hiarchpro_6;Professional Heavy Infantry and Archers;;;;;;;;;;;x
pp_hiarchpro_7;Professional Heavy Infantry and Archers;;;;;;;;;;;x
pp_hiarchpro_8;Professional Heavy Infantry and Archers;;;;;;;;;;;x
pp_hiarchpro_9;Professional Heavy Infantry and Archers;;;;;;;;;;;x
tp_hahc_1;Horse Archers and Heavy Cavalry;;;;;;;;;;;x
tp_hahc_2;Horse Archers and Heavy Cavalry;;;;;;;;;;;x
tp_hahc_3;Horse Archers and Heavy Cavalry;;;;;;;;;;;x
tp_hahc_4;Horse Archers and Heavy Cavalry;;;;;;;;;;;x
tp_hahc_5;Horse Archers and Heavy Cavalry;;;;;;;;;;;x
tp_hahc_6;Horse Archers and Heavy Cavalry;;;;;;;;;;;x
tp_hahc_7;Horse Archers and Heavy Cavalry;;;;;;;;;;;x
tp_hahc_8;Horse Archers and Heavy Cavalry;;;;;;;;;;;x
tp_hahc_9;Horse Archers and Heavy Cavalry;;;;;;;;;;;x
trad_missionary_1;Primitive Missionary Traditions;;;;;;;;;;;x
trad_missionary_2;Missionary Traditions;;;;;;;;;;;x
trad_missionary_3;Refined Missionary Traditions;;;;;;;;;;;x
trad_missionary_4;Developed Missionary Traditions;;;;;;;;;;;x
trad_missionary_5;Superior Missionary Traditions;;;;;;;;;;;x
trad_missionary_6;Missionary Code;;;;;;;;;;;x
trad_missionary_7;Code of Clerics;;;;;;;;;;;x
trad_missionary_8;Advanced Clerical System;;;;;;;;;;;x
trad_missionary_9;Realm Clergy Network;;;;;;;;;;;x
d_tradmissionary;The path of a holyman is a journey littered with temptations and false miracles. There are no miracles in the high road towards a clerical code. It is a process of discovery and realization.;;;;;;;;;;;x
ct_lilc_1;Light Infantry and Light Cavalry;;;;;;;;;;;x
ct_lilc_2;Light Infantry and Light Cavalry;;;;;;;;;;;x
ct_lilc_3;Light Infantry and Light Cavalry;;;;;;;;;;;x
ct_lilc_4;Light Infantry and Light Cavalry;;;;;;;;;;;x
ct_lilc_5;Light Infantry and Light Cavalry;;;;;;;;;;;x
ct_lilc_6;Light Infantry and Light Cavalry;;;;;;;;;;;x
ct_lilc_7;Light Infantry and Light Cavalry;;;;;;;;;;;x
ct_lilc_8;Light Infantry and Light Cavalry;;;;;;;;;;;x
ct_lilc_9;Light Infantry and Light Cavalry;;;;;;;;;;;x
tp_villageheads_1;Village Elders;;;;;;;;;;;x
tp_villageheads_2;Appointed Village Elder;;;;;;;;;;;x
tp_villageheads_3;Local Mediator;;;;;;;;;;;x
tp_villageheads_4;Village Head;;;;;;;;;;;x
tp_villageheads_5;Appointed Village Head;;;;;;;;;;;x
tp_villageheads_6;Local Village Headmen;;;;;;;;;;;x
tp_villageheads_7;Village Headmen System;;;;;;;;;;;x
tp_villageheads_8;Provincial Village Headmen Network;;;;;;;;;;;x
tp_villageheads_9;Realm Village Headmen System;;;;;;;;;;;x
pp_culture_chinese_1;Pikemen and Bow;;;;;;;;;;;x
pp_culture_chinese_2;Pikemen and Bow;;;;;;;;;;;x
pp_culture_chinese_3;Pikemen and Bow;;;;;;;;;;;x
pp_culture_chinese_4;Pikemen and Bow;;;;;;;;;;;x
pp_culture_chinese_5;Pikemen and Bow;;;;;;;;;;;x
pp_culture_chinese_6;Pikemen and Bow;;;;;;;;;;;x
pp_culture_chinese_7;Pikemen and Bow;;;;;;;;;;;x
pp_culture_chinese_8;Pikemen and Bow;;;;;;;;;;;x
pp_culture_chinese_9;Pikemen and Bow;;;;;;;;;;;x
pp_presence_1;Minimal Local Presence;;;;;;;;;;;x
pp_presence_2;Minimal Local Presence II;;;;;;;;;;;x
pp_presence_3;Limited Local Presence;;;;;;;;;;;x
pp_presence_4;Limited Local Presence II;;;;;;;;;;;x
pp_presence_5;Local Presence;;;;;;;;;;;x
pp_presence_6;Noteable Local Presence;;;;;;;;;;;x
pp_presence_7;Complete Local Presence;;;;;;;;;;;x
pp_presence_8;Provincial Presence;;;;;;;;;;;x
pp_presence_9;Realm Presence;;;;;;;;;;;x
d_presence;Establish your family's presence around its domains.;;;;;;;;;;;x
ca_culture_russian_1;Raum Armory;;;;;;;;;;;x
ca_culture_russian_2;Raum Armory;;;;;;;;;;;x
ca_culture_russian_3;Raum Armory;;;;;;;;;;;x
ca_culture_russian_4;Raum Armory;;;;;;;;;;;x
ca_culture_russian_5;Raum Armory;;;;;;;;;;;x
ca_culture_russian_6;Raum Armory;;;;;;;;;;;x
ca_culture_russian_7;Raum Armory;;;;;;;;;;;x
ca_culture_russian_8;Raum Armory;;;;;;;;;;;x
ca_culture_russian_9;Raum Armory;;;;;;;;;;;x
tb_corhashc_1;Small Elite Horse Archers Corps;;;;;;;;;;;x
tb_corhashc_2;Elite Horse Archers Corps;;;;;;;;;;;x
tb_corhashc_3;Large Elite Horse Archers Corps;;;;;;;;;;;x
trad_martial_1;Primitive Martial Traditions;;;;;;;;;;;x
trad_martial_2;Martial Traditions;;;;;;;;;;;x
trad_martial_3;Refined Martial Traditions;;;;;;;;;;;x
trad_martial_4;Developed Martial Traditions;;;;;;;;;;;x
trad_martial_5;Superior Martial Traditions;;;;;;;;;;;x
trad_martial_6;Martial Code;;;;;;;;;;;x
trad_martial_7;Advanced Martial Code;;;;;;;;;;;x
trad_martial_8;Code of Chivalry;;;;;;;;;;;x
trad_martial_9;Code of Chivalry;;;;;;;;;;;x
d_tradmartial;The path of a warrior is a gauntlet rife with pitfalls and false shortcuts. There are no shortcuts in the arduous road towards the code of chivalry. It is a process of refinement and perfection.;;;;;;;;;;;x
trad_mercantile_1;Primitive Mercantile Traditions;;;;;;;;;;;x
trad_mercantile_2;Mercantile Traditions;;;;;;;;;;;x
trad_mercantile_3;Refined Mercantile Traditions;;;;;;;;;;;x
trad_mercantile_4;Developed Mercantile Traditions;;;;;;;;;;;x
trad_mercantile_5;Superior Mercantile Traditions;;;;;;;;;;;x
trad_mercantile_6;Mercantile Code;;;;;;;;;;;x
trad_mercantile_7;Mercantile Code;;;;;;;;;;;x
trad_mercantile_8;Code of Commerce;;;;;;;;;;;x
trad_mercantile_9;Code of Commerce;;;;;;;;;;;x
d_tradmercantile;The path of a tradesman is a voyage filled with hidden dangers and false fortune. There is no reliance on fortune in the tedious path towards a code of commerce. It is a process of practice and improvement.;;;;;;;;;;;x
trad_republic_1;Primitive Republican Traditions;;;;;;;;;;;x
trad_republic_2;Incipient Republican Traditions;;;;;;;;;;;x
trad_republic_3;Inchoative Republican Traditions;;;;;;;;;;;x
trad_republic_4;Rudimentary Republican Traditions;;;;;;;;;;;x
trad_republic_5;Refined Republican Traditions;;;;;;;;;;;x
trad_republic_6;Inceptive Merchant Republic;;;;;;;;;;;x
trad_republic_7;Inceptive Merchant Republic;;;;;;;;;;;x
trad_republic_8;Serene Merchant Republic;;;;;;;;;;;x
trad_republic_9;Serene Merchant Republic;;;;;;;;;;;x
d_tradrepublic;The Republic is a rule by the people for the people. The Merchant Republic is a rule by the best of the people for the best of the people.;;;;;;;;;;;x
tp_pikear_1;Pikemen and Archers;;;;;;;;;;;x
tp_pikear_2;Pikemen and Archers;;;;;;;;;;;x
tp_pikear_3;Pikemen and Archers;;;;;;;;;;;x
tp_pikear_4;Pikemen and Archers;;;;;;;;;;;x
tp_pikear_5;Pikemen and Archers;;;;;;;;;;;x
tp_pikear_6;Pikemen and Archers;;;;;;;;;;;x
tp_pikear_7;Pikemen and Archers;;;;;;;;;;;x
tp_pikear_8;Pikemen and Archers;;;;;;;;;;;x
tp_pikear_9;Pikemen and Archers;;;;;;;;;;;x
no_elephant_camp_9;Great Elephant Camps;;;;;;;;;;;x
no_camel_breeder_9;Great Camel Breeders;;;;;;;;;;;x
no_camp_fortifications_9;Great Camp Fortifications;;;;;;;;;;;x
no_minter_9;Great Minters;;;;;;;;;;;x
no_gathering_hall_9;Great Gathering Halls;;;;;;;;;;;x
no_minority_shrine_9;Great Minority Shrines;;;;;;;;;;;x
no_lamellar_armor_crafter_9;Great Lamellar Armor Crafters;;;;;;;;;;;x
no_composite_bow_crafter_9;Great Composite Bow Crafters;;;;;;;;;;;x
no_fishing_village_9;Great Fishing Villages;;;;;;;;;;;x
no_harbor_9;Great Harbors;;;;;;;;;;;x
no_baghatur_council_9;Great Baghatur Council;;;;;;;;;;;x
no_yam_9;Great Yams;;;;;;;;;;;x
no_hunting_parties_9;Great Hunting Parties;;;;;;;;;;;x
no_shrine_9;Great Shrines;;;;;;;;;;;x
no_wrestling_9;Great Wrestling Competitions;;;;;;;;;;;x
no_ger_crafter_9;Great Ger Crafters;;;;;;;;;;;x
no_felt_crafter_9;Great Felt Crafters;;;;;;;;;;;x
no_sheep_9;Great Sheep Farms;;;;;;;;;;;x
no_meat_preserver_9;Great Meat Preservation;;;;;;;;;;;x
no_ox_wagon_9;Great Ox Wagons;;;;;;;;;;;x
no_cattle_pens_9;Great Cattle Pens;;;;;;;;;;;x
no_airag_producer_9;Great Airag Producers;;;;;;;;;;;x
no_riding_contests_9;Great Riding Contests;;;;;;;;;;;x
no_horse_breeder_9;Great Horse Breeding Farms;;;;;;;;;;;x
tp_lcli_1;Light Cavalry and Light Infantry;;;;;;;;;;;x
tp_lcli_2;Light Cavalry and Light Infantry;;;;;;;;;;;x
tp_lcli_3;Light Cavalry and Light Infantry;;;;;;;;;;;x
tp_lcli_4;Light Cavalry and Light Infantry;;;;;;;;;;;x
tp_lcli_5;Light Cavalry and Light Infantry;;;;;;;;;;;x
tp_lcli_6;Light Cavalry and Light Infantry;;;;;;;;;;;x
tp_lcli_7;Light Cavalry and Light Infantry;;;;;;;;;;;x
tp_lcli_8;Light Cavalry and Light Infantry;;;;;;;;;;;x
tp_lcli_9;Light Cavalry and Light Infantry;;;;;;;;;;;x
ct_hcha_1;Heavy Cavalry and Horse Archers;;;;;;;;;;;x
ct_hcha_2;Heavy Cavalry and Horse Archers;;;;;;;;;;;x
ct_hcha_3;Heavy Cavalry and Horse Archers;;;;;;;;;;;x
ct_hcha_4;Heavy Cavalry and Horse Archers;;;;;;;;;;;x
ct_hcha_5;Heavy Cavalry and Horse Archers;;;;;;;;;;;x
ct_hcha_6;Heavy Cavalry and Horse Archers;;;;;;;;;;;x
ct_hcha_7;Heavy Cavalry and Horse Archers;;;;;;;;;;;x
ct_hcha_8;Heavy Cavalry and Horse Archers;;;;;;;;;;;x
ct_hcha_9;Heavy Cavalry and Horse Archers;;;;;;;;;;;x
ct_hclc_1;Heavy Cavalry and Light Cavalry;;;;;;;;;;;x
ct_hclc_2;Heavy Cavalry and Light Cavalry;;;;;;;;;;;x
ct_hclc_3;Heavy Cavalry and Light Cavalry;;;;;;;;;;;x
ct_hclc_4;Heavy Cavalry and Light Cavalry;;;;;;;;;;;x
ct_hclc_5;Heavy Cavalry and Light Cavalry;;;;;;;;;;;x
ct_hclc_6;Heavy Cavalry and Light Cavalry;;;;;;;;;;;x
ct_hclc_7;Heavy Cavalry and Light Cavalry;;;;;;;;;;;x
ct_hclc_8;Heavy Cavalry and Light Cavalry;;;;;;;;;;;x
ct_hclc_9;Heavy Cavalry and Light Cavalry;;;;;;;;;;;x
ct_hahc_1;Horse Archers and Heavy Cavalry;;;;;;;;;;;x
ct_hahc_2;Horse Archers and Heavy Cavalry;;;;;;;;;;;x
ct_hahc_3;Horse Archers and Heavy Cavalry;;;;;;;;;;;x
ct_hahc_4;Horse Archers and Heavy Cavalry;;;;;;;;;;;x
ct_hahc_5;Horse Archers and Heavy Cavalry;;;;;;;;;;;x
ct_hahc_6;Horse Archers and Heavy Cavalry;;;;;;;;;;;x
ct_hahc_7;Horse Archers and Heavy Cavalry;;;;;;;;;;;x
ct_hahc_8;Horse Archers and Heavy Cavalry;;;;;;;;;;;x
ct_hahc_9;Horse Archers and Heavy Cavalry;;;;;;;;;;;x
ct_hchi_1;Heavy Cavalry and Heavy Infantry;;;;;;;;;;;x
ct_hchi_2;Heavy Cavalry and Heavy Infantry;;;;;;;;;;;x
ct_hchi_3;Heavy Cavalry and Heavy Infantry;;;;;;;;;;;x
ct_hchi_4;Heavy Cavalry and Heavy Infantry;;;;;;;;;;;x
ct_hchi_5;Heavy Cavalry and Heavy Infantry;;;;;;;;;;;x
ct_hchi_6;Heavy Cavalry and Heavy Infantry;;;;;;;;;;;x
ct_hchi_7;Heavy Cavalry and Heavy Infantry;;;;;;;;;;;x
ct_hchi_8;Heavy Cavalry and Heavy Infantry;;;;;;;;;;;x
ct_hchi_9;Heavy Cavalry and Heavy Infantry;;;;;;;;;;;x
tb_hashcavlevy_1;Levy: Horse Archers Specialization;;;;;;;;;;;x
tb_hashcavlevy_2;Levy: Horse Archers Specialization;;;;;;;;;;;x
tb_hashcavlevy_3;Levy: Horse Archers Specialization;;;;;;;;;;;x
tb_hashcavlevy_4;Levy: Horse Archers Specialization;;;;;;;;;;;x
tb_hashcavlevy_5;Levy: Horse Archers Specialization;;;;;;;;;;;x
tb_hashcavlevy_6;Levy: Horse Archers Specialization;;;;;;;;;;;x
tb_hashcavlevy_7;Levy: Horse Archers Specialization;;;;;;;;;;;x
tb_hashcavlevy_8;Levy: Horse Archers Specialization;;;;;;;;;;;x
tb_hashcavlevy_9;Levy: Horse Archers Specialization;;;;;;;;;;;x
tb_hashcpro_1;Professional Horse Archers and Heavy Cavalry;;;;;;;;;;;x
tb_hashcpro_2;Professional Horse Archers and Heavy Cavalry;;;;;;;;;;;x
tb_hashcpro_3;Professional Horse Archers and Heavy Cavalry;;;;;;;;;;;x
tb_hashcpro_4;Professional Horse Archers and Heavy Cavalry;;;;;;;;;;;x
tb_hashcpro_5;Professional Horse Archers and Heavy Cavalry;;;;;;;;;;;x
tb_hashcpro_6;Professional Horse Archers and Heavy Cavalry;;;;;;;;;;;x
tb_hashcpro_7;Professional Horse Archers and Heavy Cavalry;;;;;;;;;;;x
tb_hashcpro_8;Professional Horse Archers and Heavy Cavalry;;;;;;;;;;;x
tb_hashcpro_9;Professional Horse Archers and Heavy Cavalry;;;;;;;;;;;x
ct_ftraining_grounds_1;Primitive City Guard Mustering Grounds;;;;;;;;;;;x
ct_ftraining_grounds_2;Small City Guard Mustering Grounds;;;;;;;;;;;x
ct_ftraining_grounds_3;City Guard Mustering Grounds;;;;;;;;;;;x
ct_ftraining_grounds_4;Expanded City Guard Mustering Grounds;;;;;;;;;;;x
ct_ftraining_grounds_5;Large City Guard Mustering Grounds;;;;;;;;;;;x
ct_ftraining_grounds_6;Advanced City Guard Mustering Grounds;;;;;;;;;;;x
ct_ftraining_grounds_7;Huge City Guard Mustering Grounds;;;;;;;;;;;x
ct_ftraining_grounds_8;Extensive City Guard Grounds;;;;;;;;;;;x
ct_ftraining_grounds_9;Realm City Guard Network;;;;;;;;;;;x
d_cttraininggrounds;Build training grounds that would allow you to train men to guard the city in greater speed and numbers.;;;;;;;;;;;x
ct_keep_1;City Fortress;;;;;;;;;;;x
ct_keep_2;Expanded City Fortress;;;;;;;;;;;x
ct_keep_3;Superior City Fortress;;;;;;;;;;;x
ct_keep_4;Large City Fortress;;;;;;;;;;;x
ct_keep_5;Advanced City Fortress;;;;;;;;;;;x
ct_keep_6;Epic City Fortress;;;;;;;;;;;x
ct_keep_7;Legendary City Fortress;;;;;;;;;;;x
ct_keep_8;City Fortress Network;;;;;;;;;;;x
ct_keep_9;City Fortress System;;;;;;;;;;;x
ct_fguard_1;City Guard Initiative;;;;;;;;;;;x
ct_fguard_2;Primitive City Guard System;;;;;;;;;;;x
ct_fguard_3;Small City Guard;;;;;;;;;;;x
ct_fguard_4;City Guard;;;;;;;;;;;x
ct_fguard_5;Expanded City Guard;;;;;;;;;;;x
ct_fguard_6;Large City Guard;;;;;;;;;;;x
ct_fguard_7;Huge City Guard;;;;;;;;;;;x
ct_fguard_8;Extensive City Guard Network;;;;;;;;;;;x
ct_fguard_9;City Guard System;;;;;;;;;;;x
d_ctguard;Establish a city guard that would serve to protect the city and fight in your wars.;;;;;;;;;;;x
ct_urbandoc_1;Urban Militia Doctrine;;;;;;;;;;;x
ct_urbandoc_2;Urban Militia Doctrine;;;;;;;;;;;x
ct_urbandoc_3;Urban Militia Doctrine;;;;;;;;;;;x
ct_urbandoc_4;Urban Militia Doctrine;;;;;;;;;;;x
ct_urbandoc_5;Urban Militia Doctrine;;;;;;;;;;;x
ct_urbandoc_6;Urban Militia Doctrine;;;;;;;;;;;x
ct_urbandoc_7;Urban Militia Doctrine;;;;;;;;;;;x
ct_urbandoc_8;Urban Militia Doctrine;;;;;;;;;;;x
ct_urbandoc_9;Urban Militia Doctrine;;;;;;;;;;;x
d_urbandoc;Techniques in training men to defend a city are different than techniques learned from open combat.;;;;;;;;;;;x
ct_shipw_1;Local Shipbuilding Initiative;;;;;;;;;;;x
ct_shipw_2;Primitive Shipbuilding Technqniques;;;;;;;;;;;x
ct_shipw_3;Local Shipwrights;;;;;;;;;;;x
ct_shipw_4;Small Scale Shipbuilding;;;;;;;;;;;x
ct_shipw_5;Shipwrights Tradition;;;;;;;;;;;x
ct_shipw_6;Organized Shipwrights;;;;;;;;;;;x
ct_shipw_7;Renowned Shipwrights;;;;;;;;;;;x
ct_shipw_8;Shipbuilding Network;;;;;;;;;;;x
ct_shipw_9;Realm Shipbuilding System;;;;;;;;;;;x
d_shipw;Develop facilities that would allow you to create and service more ships.;;;;;;;;;;;x
ct_archhi_1;Archers and Heavy Infantry;;;;;;;;;;;x
ct_archhi_2;Archers and Heavy Infantry;;;;;;;;;;;x
ct_archhi_3;Archers and Heavy Infantry;;;;;;;;;;;x
ct_archhi_4;Archers and Heavy Infantry;;;;;;;;;;;x
ct_archhi_5;Archers and Heavy Infantry;;;;;;;;;;;x
ct_archhi_6;Archers and Heavy Infantry;;;;;;;;;;;x
ct_archhi_7;Archers and Heavy Infantry;;;;;;;;;;;x
ct_archhi_8;Archers and Heavy Infantry;;;;;;;;;;;x
ct_archhi_9;Archers and Heavy Infantry;;;;;;;;;;;x
ct_hihcav_1;Heavy Infantry and Heavy Cavalry;;;;;;;;;;;x
ct_hihcav_2;Heavy Infantry and Heavy Cavalry;;;;;;;;;;;x
ct_hihcav_3;Heavy Infantry and Heavy Cavalry;;;;;;;;;;;x
ct_hihcav_4;Heavy Infantry and Heavy Cavalry;;;;;;;;;;;x
ct_hihcav_5;Heavy Infantry and Heavy Cavalry;;;;;;;;;;;x
ct_hihcav_6;Heavy Infantry and Heavy Cavalry;;;;;;;;;;;x
ct_hihcav_7;Heavy Infantry and Heavy Cavalry;;;;;;;;;;;x
ct_hihcav_8;Heavy Infantry and Heavy Cavalry;;;;;;;;;;;x
ct_hihcav_9;Heavy Infantry and Heavy Cavalry;;;;;;;;;;;x
ct_hiarch_1;Heavy Infantry and Archers;;;;;;;;;;;x
ct_hiarch_2;Heavy Infantry and Archers;;;;;;;;;;;x
ct_hiarch_3;Heavy Infantry and Archers;;;;;;;;;;;x
ct_hiarch_4;Heavy Infantry and Archers;;;;;;;;;;;x
ct_hiarch_5;Heavy Infantry and Archers;;;;;;;;;;;x
ct_hiarch_6;Heavy Infantry and Archers;;;;;;;;;;;x
ct_hiarch_7;Heavy Infantry and Archers;;;;;;;;;;;x
ct_hiarch_8;Heavy Infantry and Archers;;;;;;;;;;;x
ct_hiarch_9;Heavy Infantry and Archers;;;;;;;;;;;x
ct_hili_1;Heavy Infantry and Light Infantry;;;;;;;;;;;x
ct_hili_2;Heavy Infantry and Light Infantry;;;;;;;;;;;x
ct_hili_3;Heavy Infantry and Light Infantry;;;;;;;;;;;x
ct_hili_4;Heavy Infantry and Light Infantry;;;;;;;;;;;x
ct_hili_5;Heavy Infantry and Light Infantry;;;;;;;;;;;x
ct_hili_6;Heavy Infantry and Light Infantry;;;;;;;;;;;x
ct_hili_7;Heavy Infantry and Light Infantry;;;;;;;;;;;x
ct_hili_8;Heavy Infantry and Light Infantry;;;;;;;;;;;x
ct_hili_9;Heavy Infantry and Light Infantry;;;;;;;;;;;x
tr_trade_1;Minor Local Trade Connections;;;;;;;;;;;x
tr_trade_2;Local Trade Connections;;;;;;;;;;;x
tr_trade_3;Expanded Local Trade Connections;;;;;;;;;;;x
tr_trade_4;Comprehensive Local Trade Connections;;;;;;;;;;;x
tr_trade_5;Local Mercantile Presence;;;;;;;;;;;x
tr_trade_6;Local Mercantile Network;;;;;;;;;;;x
tr_trade_7;Regional Mercantile Presence;;;;;;;;;;;x
tr_trade_8;Regional Mercantile Networks;;;;;;;;;;;x
tr_trade_9;Realm Mercantile Presence;;;;;;;;;;;x
pp_shipyard_1;Limited Shipwright Contracts;;;;;;;;;;;x
pp_shipyard_2;Minor Shipwright Contracts;;;;;;;;;;;x
pp_shipyard_3;Shipwright Contracts;;;;;;;;;;;x
pp_shipyard_4;Extended Shipwright Contracts;;;;;;;;;;;x
pp_shipyard_5;Extended Shipwright Contracts II;;;;;;;;;;;x
pp_shipyard_6;Comprehensive Shipwright Contracts;;;;;;;;;;;x
pp_shipyard_7;Merchant Marine;;;;;;;;;;;x
pp_shipyard_8;Large Merchant Marines;;;;;;;;;;;x
pp_shipyard_9;Merchant Marine System;;;;;;;;;;;x
d_shipyard;Establish connections with shipwrights to give access to more vessels.;;;;;;;;;;;x
d_trade;Establish connections to allow your merchants an advantage over local competition.;;;;;;;;;;;x
tr_harbor_1;Limited Local Harbour Arrangements;;;;;;;;;;;x
tr_harbor_2;Local Harbour Arrangements;;;;;;;;;;;x
tr_harbor_3;Extensive Local Harbour Arrangements;;;;;;;;;;;x
tr_harbor_4;Comprehensive Local Harbour Arrangements;;;;;;;;;;;x
tr_harbor_5;Dedicated Local Harbour;;;;;;;;;;;x
tr_harbor_6;Local Harbour Network;;;;;;;;;;;x
tr_harbor_7;Regional Harbour Network;;;;;;;;;;;x
tr_harbor_8;Realm Harbour Network;;;;;;;;;;;x
tr_harbor_9;Harbor Systems;;;;;;;;;;;x
d_harbor;Create arrangements that give your merchant's vessels preference in the local ports.;;;;;;;;;;;x
pp_palace_1;Family Mansion;;;;;;;;;;;x
pp_palace_2;Large Family Mansion;;;;;;;;;;;x
pp_palace_3;Expanded Family Mansion;;;;;;;;;;;x
pp_palace_4;Family Castle;;;;;;;;;;;x
pp_palace_5;Family Strongold;;;;;;;;;;;x
pp_palace_6;Merchant Republic Fortress;;;;;;;;;;;x
pp_palace_7;Merchant Republic Grand Citadel;;;;;;;;;;;x
pp_palace_8;Enormous Merchant Republic Grand Citadel;;;;;;;;;;;x
pp_palace_9;Grand Palace of the World;;;;;;;;;;;x
d_palace;Build a palace that will serve as the seat of your dynastic power.;;;;;;;;;;;x
d_palace_6;With your supremacy as the legendary dynasty of Merchant Princes established, build a fortress worthy of your dynasty's power, and project it as well.;;;;;;;;;;;x
d_palace_7;Behold! Undisputed in both authority and power, this grand citadel is a monument to the dynasty of Merchant Princes and the power they wield.;;;;;;;;;;;x
d_palace_9;Towering high above the land, this grand palace makes the large city at its base seem like a tiny village. Curtain walls bristle with trebuchets and spikes, and even the mightiest armies of the world tremble with one look at it. It is truly a wonder of this world.;;;;;;;;;;;x
pp_guild_1;Guild Hegemony Push I;;;;;;;;;;;x
pp_guild_2;Guild Hegemony Push II;;;;;;;;;;;x
pp_guild_3;Guild Hegemony Push III;;;;;;;;;;;x
pp_guild_4;Guild Hegemony Push IV;;;;;;;;;;;x
pp_guild_5;Guild Hegemony Push V;;;;;;;;;;;x
pp_guild_6;Guild Hegemonic Supremacy;;;;;;;;;;;x
pp_guild_7;Merchant Prince;;;;;;;;;;;x
pp_guild_8;Merchant Princedom;;;;;;;;;;;x
pp_guild_9;Large Merchant Princedom;;;;;;;;;;;x
d_guild;Enforce the will of your dynasty upon the local guilds! Beware! This arduous path that could last longer than a decade will tax your resources to its limits and find you in a bitter struggle to enforce supremacy.;;;;;;;;;;;x
d_guild_6;You have successfully established your hegemony over the guilds, and your dynasty is now duly recognized as the overlord of the local mercantile world.;;;;;;;;;;;x
d_guild_7;Your dynastic legacy has transcended history, and the might of your realm and authority makes even emperors envious.;;;;;;;;;;;x
pp_merc_1;Minimal Mercenary Contracts;;;;;;;;;;;x
pp_merc_2;Limited Mercenary Contracts;;;;;;;;;;;x
pp_merc_3;Mercenary Contracts;;;;;;;;;;;x
pp_merc_4;Expanded Mercenary Contracts;;;;;;;;;;;x
pp_merc_5;Efficient Mercenary Contracts;;;;;;;;;;;x
pp_merc_6;Mercenary Chapter Integration;;;;;;;;;;;x
pp_merc_7;Mercenary Company Integration ;;;;;;;;;;;x
pp_merc_8;Mercenary Company Regional Integration;;;;;;;;;;;x
pp_merc_9;Mercenary Company Realm Integration;;;;;;;;;;;x
d_ppmerc;Form contracts with mercenaries for them to serve you as retainers.;;;;;;;;;;;x
pp_sword_1;Minimal Sellsword Recruitment System;;;;;;;;;;;x
pp_sword_2;Limited Sellsword Recruitment System;;;;;;;;;;;x
pp_sword_3;Sellsword Recruitment System;;;;;;;;;;;x
pp_sword_4;Expanded Sellsword Recruitment System;;;;;;;;;;;x
pp_sword_5;Efficient Sellsword Recruitment System;;;;;;;;;;;x
pp_sword_6;Sellsword Company Formation;;;;;;;;;;;x
pp_sword_7;Sellsword Company Headquarters;;;;;;;;;;;x
pp_sword_8;Sellsword Company Integration;;;;;;;;;;;x
pp_sword_9;Sellsword Company Settlements;;;;;;;;;;;x
d_ppsword;Recruit sellswords willing to be levied to fight for you.;;;;;;;;;;;x
pp_central_1;Primitive Administrative Centralization;;;;;;;;;;;x
pp_central_2;Minimal Administrative Centralization;;;;;;;;;;;x
pp_central_3;Administrative Centralization;;;;;;;;;;;x
pp_central_4;Efficient Administrative Centralization;;;;;;;;;;;x
pp_central_5;Efficient Administrative Centralization II;;;;;;;;;;;x
pp_central_6;Superior Administrative Centralization;;;;;;;;;;;x
pp_central_7;Absolute Administrative Authority;;;;;;;;;;;x
pp_central_8;Absolute Administration;;;;;;;;;;;x
pp_central_9;Absolute Administration Networks;;;;;;;;;;;x
d_central;Centralize the administration of your dynasty's domains and make it easier to call up men to your cause.;;;;;;;;;;;x
pp_guard_1;Primitive Guard Recruitment Initiative;;;;;;;;;;;x
pp_guard_2;Guard Recruitment Initiative;;;;;;;;;;;x
pp_guard_3;Guard Recruitment System;;;;;;;;;;;x
pp_guard_4;Expanded Guard Recruitment System;;;;;;;;;;;x
pp_guard_5;Efficient Guard Recruitment System;;;;;;;;;;;x
pp_guard_6;Family Guard Formation;;;;;;;;;;;x
pp_guard_7;Family Guard Garrisons;;;;;;;;;;;x
pp_guard_8;Family Guard Settlements;;;;;;;;;;;x
pp_guard_9;Family Guard Settlements Network;;;;;;;;;;;x
d_ppguard;Recruit men to your service and to guard your dynasty and enforce its will.;;;;;;;;;;;x
pp_courier_1;Primitive Courier Networks;;;;;;;;;;;x
pp_courier_2;Incipient Courier Networks;;;;;;;;;;;x
pp_courier_3;Courier Networks;;;;;;;;;;;x
pp_courier_4;Efficient Courier Networks;;;;;;;;;;;x
pp_courier_5;Efficient Courier Networks II;;;;;;;;;;;x
pp_courier_6;Expansive Courier Networks;;;;;;;;;;;x
pp_courier_7;Communication Network;;;;;;;;;;;x
pp_courier_8;Regional Communication Networks;;;;;;;;;;;x
pp_courier_9;Realm Communication Services;;;;;;;;;;;x
d_courier;Set up a network of couriers that would allow your dynastic domain to function more effectively and call up more men as well.;;;;;;;;;;;x
pp_delegation_1;Primitive Staff Delegation;;;;;;;;;;;x
pp_delegation_2;Minimal Staff Delegation;;;;;;;;;;;x
pp_delegation_3;Staff Delegation;;;;;;;;;;;x
pp_delegation_4;Efficient Staff Delegation;;;;;;;;;;;x
pp_delegation_5;Efficient Staff Delegation II;;;;;;;;;;;x
pp_delegation_6;Advanced Staff Delegation;;;;;;;;;;;x
pp_delegation_7;Staff Heirarchy;;;;;;;;;;;x
pp_delegation_8;Advanced Staff Heirarchy;;;;;;;;;;;x
pp_delegation_9;Staff Settlements;;;;;;;;;;;x
d_delegation;Begin the process of hiring people to manage the trivial affairs of your dynastic domains.;;;;;;;;;;;x
pp_consolidation_1;Primitive Property Consolidation;;;;;;;;;;;x
pp_consolidation_2;Minimal Property Consolidation;;;;;;;;;;;x
pp_consolidation_3;Property Consolidation;;;;;;;;;;;x
pp_consolidation_4;Efficient Property Consolidation;;;;;;;;;;;x
pp_consolidation_5;Efficient Property Consolidation II;;;;;;;;;;;x
pp_consolidation_6;Advanced Property Consolidation;;;;;;;;;;;x
pp_consolidation_7;Property Integration;;;;;;;;;;;x
pp_consolidation_8;Advanced Property Integration;;;;;;;;;;;x
pp_consolidation_9;Property Networks;;;;;;;;;;;x
d_consolidation;Consolidate your disparate holdings, and make them easier to manage.;;;;;;;;;;;x
pp_connections_1;Minimal Family Connections;;;;;;;;;;;x
pp_connections_2;Minimal Family Connections II;;;;;;;;;;;x
pp_connections_3;Limited Family Connections;;;;;;;;;;;x
pp_connections_4;Limited Family Connections II;;;;;;;;;;;x
pp_connections_5;Family Connections;;;;;;;;;;;x
pp_connections_6;Superior Family Connections;;;;;;;;;;;x
pp_connections_7;Absolute Family Connections;;;;;;;;;;;x
pp_connections_8;Family Networks;;;;;;;;;;;x
pp_connections_9;Advanced Family Networks;;;;;;;;;;;x
d_connections;Build connections with the right people of the right places to estalish your dynasty's power.;;;;;;;;;;;x
pp_family_1;Minimal Family Traditions;;;;;;;;;;;x
pp_family_2;Minimal Family Traditions II;;;;;;;;;;;x
pp_family_3;Limited Family Traditions;;;;;;;;;;;x
pp_family_4;Limited Family Traditions II;;;;;;;;;;;x
pp_family_5;Family Traditions;;;;;;;;;;;x
pp_family_6;Developed Family Traditions;;;;;;;;;;;x
pp_family_7;Advanced Family Traditions;;;;;;;;;;;x
pp_family_8;Family Interconnections;;;;;;;;;;;x
pp_family_9;Realm Family Networks;;;;;;;;;;;x
d_family;Build a tradition for your family that will last for ages.;;;;;;;;;;;x
pp_hashcav_1;Horse Archers and Heavy Cavalry;;;;;;;;;;;x
pp_hashcav_2;Horse Archers and Heavy Cavalry;;;;;;;;;;;x
pp_hashcav_3;Horse Archers and Heavy Cavalry;;;;;;;;;;;x
pp_hashcav_4;Horse Archers and Heavy Cavalry;;;;;;;;;;;x
pp_hashcav_5;Horse Archers and Heavy Cavalry;;;;;;;;;;;x
pp_hashcav_6;Horse Archers and Heavy Cavalry;;;;;;;;;;;x
pp_hashcav_7;Horse Archers and Heavy Cavalry;;;;;;;;;;;x
pp_hashcav_8;Horse Archers and Heavy Cavalry;;;;;;;;;;;x
pp_hashcav_9;Horse Archers and Heavy Cavalry;;;;;;;;;;;x
pp_hcavlchas2_1;Heavy Cavalry and Light Cavalry;;;;;;;;;;;x
pp_hcavlchas2_2;Heavy Cavalry and Light Cavalry;;;;;;;;;;;x
pp_hcavlchas2_3;Heavy Cavalry and Light Cavalry;;;;;;;;;;;x
pp_hcavlchas2_4;Heavy Cavalry and Light Cavalry;;;;;;;;;;;x
pp_hcavlchas2_5;Heavy Cavalry and Light Cavalry;;;;;;;;;;;x
pp_hcavlchas2_6;Heavy Cavalry and Light Cavalry;;;;;;;;;;;x
pp_hcavlchas2_7;Heavy Cavalry and Light Cavalry;;;;;;;;;;;x
pp_hcavlchas2_8;Heavy Cavalry and Light Cavalry;;;;;;;;;;;x
pp_hcavlchas2_9;Heavy Cavalry and Light Cavalry;;;;;;;;;;;x
tb_monster;Monsters;;;;;;;;;;;x
tb_monster_desc;This province contains monsters, fighting to be the first to kill adventurers who wander into their realm.;;;;;;;;;;;x
ct_levylighti_1;Levy: Light Infantry Specialization;;;;;;;;;;;x
ct_levylighti_2;Levy: Light Infantry Specialization;;;;;;;;;;;x
ct_levylighti_3;Levy: Light Infantry Specialization;;;;;;;;;;;x
ct_levylighti_4;Levy: Light Infantry Specialization;;;;;;;;;;;x
ct_levylighti_5;Levy: Light Infantry Specialization;;;;;;;;;;;x
ct_levylighti_6;Levy: Light Infantry Specialization;;;;;;;;;;;x
ct_levylighti_7;Levy: Light Infantry Specialization;;;;;;;;;;;x
ct_levylighti_8;Levy: Light Infantry Specialization;;;;;;;;;;;x
ct_levylighti_9;Levy: Light Infantry Specialization;;;;;;;;;;;x
ct_levyarchers_1;Levy: Archers Specialization;;;;;;;;;;;x
ct_levyarchers_2;Levy: Archers Specialization;;;;;;;;;;;x
ct_levyarchers_3;Levy: Archers Specialization;;;;;;;;;;;x
ct_levyarchers_4;Levy: Archers Specialization;;;;;;;;;;;x
ct_levyarchers_5;Levy: Archers Specialization;;;;;;;;;;;x
ct_levyarchers_6;Levy: Archers Specialization;;;;;;;;;;;x
ct_levyarchers_7;Levy: Archers Specialization;;;;;;;;;;;x
ct_levyarchers_8;Levy: Archers Specialization;;;;;;;;;;;x
ct_levyarchers_9;Levy: Archers Specialization;;;;;;;;;;;x
ca_lilcporo_1;Professional Light Cavalry and Light Infantry;;;;;;;;;;;x
ca_lilcporo_2;Professional Light Cavalry and Light Infantry;;;;;;;;;;;x
ca_lilcporo_3;Professional Light Cavalry and Light Infantry;;;;;;;;;;;x
ca_lilcporo_4;Professional Light Cavalry and Light Infantry;;;;;;;;;;;x
ca_lilcporo_5;Professional Light Cavalry and Light Infantry;;;;;;;;;;;x
ca_lilcporo_6;Professional Light Cavalry and Light Infantry;;;;;;;;;;;x
ca_lilcporo_7;Professional Light Cavalry and Light Infantry;;;;;;;;;;;x
ca_lilcporo_8;Professional Light Cavalry and Light Infantry;;;;;;;;;;;x
ca_lilcporo_9;Professional Light Cavalry and Light Infantry;;;;;;;;;;;x
ca_lchcpro_1;Professional Light Cavalry and Heavy Cavalry;;;;;;;;;;;x
ca_lchcpro_2;Professional Light Cavalry and Heavy Cavalry;;;;;;;;;;;x
ca_lchcpro_3;Professional Light Cavalry and Heavy Cavalry;;;;;;;;;;;x
ca_lchcpro_4;Professional Light Cavalry and Heavy Cavalry;;;;;;;;;;;x
ca_lchcpro_5;Professional Light Cavalry and Heavy Cavalry;;;;;;;;;;;x
ca_lchcpro_6;Professional Light Cavalry and Heavy Cavalry;;;;;;;;;;;x
ca_lchcpro_7;Professional Light Cavalry and Heavy Cavalry;;;;;;;;;;;x
ca_lchcpro_8;Professional Light Cavalry and Heavy Cavalry;;;;;;;;;;;x
ca_lchcpro_9;Professional Light Cavalry and Heavy Cavalry;;;;;;;;;;;x
ca_lcavlevy_1;Levy: Light Cavalry Specialization;;;;;;;;;;;x
ca_lcavlevy_2;Levy: Light Cavalry Specialization;;;;;;;;;;;x
ca_lcavlevy_3;Levy: Light Cavalry Specialization;;;;;;;;;;;x
ca_lcavlevy_4;Levy: Light Cavalry Specialization;;;;;;;;;;;x
ca_lcavlevy_5;Levy: Light Cavalry Specialization;;;;;;;;;;;x
ca_lcavlevy_6;Levy: Light Cavalry Specialization;;;;;;;;;;;x
ca_lcavlevy_7;Levy: Light Cavalry Specialization;;;;;;;;;;;x
ca_lcavlevy_8;Levy: Light Cavalry Specialization;;;;;;;;;;;x
ca_lcavlevy_9;Levy: Light Cavalry Specialization;;;;;;;;;;;x
ca_con_wall_6;Great Bastion;;;;;;;;;;;x
ca_con_wall_6_desc;The world of Toril, is fraught with dangers, both human and monstrous. You, our great leader, have not only created a fortress mightier than any, but a bastion against the dangers of the world.;;;;;;;;;;;x
ca_host_tower;Host Tower of the Arcane;;;;;;;;;;;x
ca_host_tower_desc;This tower resembles a tree with four "limbs". It radiates an aura of magic that many residents find very uncomfortable.;;;;;;;;;;;x
fort_fort_1;Wall;;;;;;;;;;;x
fort_fort_2;Wall;;;;;;;;;;;x
fort_fort_3;Wall;;;;;;;;;;;x
fort_fort_4;Wall;;;;;;;;;;;x
fort_fort_5;Wall;;;;;;;;;;;x
fort_fort_6;Wall;;;;;;;;;;;x
fort_fort_7;Wall;;;;;;;;;;;x
fort_fort_8;Wall;;;;;;;;;;;x
fort_fort_desc;A wall to protect your people.;;;;;;;;;;;x
fort_garrison_1;Garrison;;;;;;;;;;;x
fort_garrison_2;Garrison;;;;;;;;;;;x
fort_garrison_3;Garrison;;;;;;;;;;;x
fort_garrison_4;Garrison;;;;;;;;;;;x
fort_garrison_5;Garrison;;;;;;;;;;;x
fort_garrison_6;Garrison;;;;;;;;;;;x
fort_garrison_7;Garrison;;;;;;;;;;;x
fort_garrison_8;Garrison;;;;;;;;;;;x
fort_garrison_desc;Extra troops to protect your people.;;;;;;;;;;;x
