PATRONS_NEW.1.desc;I have been loyal to my patron for some time. Perhaps it is time to find a new spiritual guide.;Je suis resté loyal à mon protecteur pendant longtemps. Il est peut-être temps d'en changer.;;;;;;;;;;x
PATRONS_NEW.1.a;Times change and so do people.;Les temps changent, et les gens aussi.;;;;;;;;;;x
PATRONS_NEW.1.b;No, my faith has served me well.;Non, ma foi m'a bien servi.;;;;;;;;;;x
###GNOME;;;;;;;;;;;;x
patrons_fae_gnome;Choose a Patron Deity;;;;;;;;;;;x
patrons_fae_gnome_desc;Although the people of Faerûn honour many gods, you may choose to devote yourself to one of them in particular.;;;;;;;;;;;x
PATRONS_FAE_GNOME.1.desc;Although the people of Faerûn honour many gods, you may choose to devote yourself to one of them in particular.;;;;;;;;;;;x
PATRONS_FAE_GNOME.1.a;Garl Glittergold, god of gnomes, luck and humour.;;;;;;;;;;;x
PATRONS_FAE_GNOME.1.b;Segojan Earthcaller, god of death and earth.;;;;;;;;;;;x
PATRONS_FAE_GNOME.1.c;Flandal Steelskin, god of smithing and metalworking.;;;;;;;;;;;x
PATRONS_FAE_GNOME.1.d;There are others...;;;;;;;;;;;x
PATRONS_FAE_GNOME.2.desc;Although the people of Faerûn honour many gods, you may choose to devote yourself to one of them in particular.;;;;;;;;;;;x
PATRONS_FAE_GNOME.2.a;Baervan Wildwanderer, god of nature and travel.;;;;;;;;;;;x
PATRONS_FAE_GNOME.2.b;Baravar Cloakshadow, god of illusion and deception.;;;;;;;;;;;x
PATRONS_FAE_GNOME.2.c;Gaerdal Ironhand, god of vigilance and defense.;;;;;;;;;;;x
PATRONS_FAE_GNOME.2.d;There are others...;;;;;;;;;;;x
PATRONS_FAE_GNOME.3.desc;Although the people of Faerûn honour many gods, you may choose to devote yourself to one of them in particular.;;;;;;;;;;;x
PATRONS_FAE_GNOME.3.a;Nebelun, god of invention and construction.;;;;;;;;;;;x
PATRONS_FAE_GNOME.3.b;Urdlen, god of bloodlust and hatred.;;;;;;;;;;;x
PATRONS_FAE_GNOME.3.c;There are others...;;;;;;;;;;;x
###FAERUN GOOD NEUTRAL;;;;;;;;;;;;x
patrons_fae_ghp;Choose a Patron Deity;;;;;;;;;;;x
patrons_fae_ghp_desc;Although the people of Faerûn honour many gods, you may choose to devote yourself to one of them in particular.;;;;;;;;;;;x
PATRONS_FAE_GHP.1.desc;Maybe I should choose a deity whose nature and special areas of concern are fitting to my position and governance.;;;;;;;;;;;x
PATRONS_FAE_GHP.1.a;One of the gods of justice and good rulership.;;;;;;;;;;;x
PATRONS_FAE_GHP.1.b;One of the gods of the natural world of Toril.;;;;;;;;;;;x
PATRONS_FAE_GHP.1.c;One of the gods of war and battle.;;;;;;;;;;;x
PATRONS_FAE_GHP.1.d;A god with a different sort of portfolio...;;;;;;;;;;;x
PATRONS_FAE_GHP.2.desc;Maybe I should choose a deity who sponsors an activity which is close to my heart.;;;;;;;;;;;x
PATRONS_FAE_GHP.2.a;One of the gods of knowledge and creativity.;;;;;;;;;;;x
PATRONS_FAE_GHP.2.b;One of the gods of magic and sorcery.;;;;;;;;;;;x
PATRONS_FAE_GHP.2.c;One of the gods of leisure and happiness.;;;;;;;;;;;x
PATRONS_FAE_GHP.2.d;A god with a different sort of portfolio...;;;;;;;;;;;x
PATRONS_FAE_GHP.3.desc;Maybe I should choose a deity who will guide me through the unexpected and difficult parts of life.;;;;;;;;;;;x
PATRONS_FAE_GHP.3.a;One of the gods of chance and good fortune.;;;;;;;;;;;x
PATRONS_FAE_GHP.3.b;One of the gods of travel and wandering.;;;;;;;;;;;x
PATRONS_FAE_GHP.3.c;One of the gods of death and the afterlife.;;;;;;;;;;;x
PATRONS_FAE_GHP.3.d;A god with a different sort of portfolio...;;;;;;;;;;;x
PATRONS_FAE_GHP.4.desc;Choosing a god of justice will show what kind of ruler I mean to be.;;;;;;;;;;;x
PATRONS_FAE_GHP.4.a;Tyr, one-handed god of justice and lawmaking.;;;;;;;;;;;x
PATRONS_FAE_GHP.4.b;Helm, the watchful god of guardians.;;;;;;;;;;;x
PATRONS_FAE_GHP.4.c;Ilmater, the Crying God, patron of those who suffer.;;;;;;;;;;;x
PATRONS_FAE_GHP.4.d;There are others...;;;;;;;;;;;x
PATRONS_FAE_GHP.5.desc;A lesser-known god of rulership might mark me as a thoughtful leader.;;;;;;;;;;;x
PATRONS_FAE_GHP.5.a;Torm the True, god of loyalty.;;;;;;;;;;;x
PATRONS_FAE_GHP.5.b;Siamorphe the Divine Right, goddess of nobility.;;;;;;;;;;;x
PATRONS_FAE_GHP.5.c;Bahamut the Platinum Dragon, god of wisdom and mercy.;;;;;;;;;;;x
PATRONS_FAE_GHP.19.a;[Root.HoarLoc], the god of vengeance and retribution.;;;;;;;;;;;x
PATRONS_FAE_GHP.19.b;[Root.AmaunatorLoc], the god of lawmakers and bureaucracy.;;;;;;;;;;;x
PATRONS_FAE_GHP.19.c;[Root.HorusReLoc], the god of the sun and rulership.;;;;;;;;;;;x
PATRONS_FAE_GHP.5.d;Perhaps a different kind of deity after all...;;;;;;;;;;;x
PATRONS_FAE_GHP.6.desc;Choosing a god of nature will show my concern for the lands I govern.;;;;;;;;;;;x
PATRONS_FAE_GHP.6.a;[Root.ChaunteaLoc] the Earthmother, goddess of agriculture.;;;;;;;;;;;x
PATRONS_FAE_GHP.6.b;Silvanus the Forest Father, god of the wilderness.;;;;;;;;;;;x
PATRONS_FAE_GHP.6.c;[Root.MielikkiLoc] the Supreme Ranger, goddess of wild animals.;;;;;;;;;;;x
PATRONS_FAE_GHP.6.d;There are others...;;;;;;;;;;;x
PATRONS_FAE_GHP.7.desc;Maybe a more specialised nature deity would suit me.;;;;;;;;;;;x
PATRONS_FAE_GHP.7.a;Eldath the Green Goddess, patron of peace and lakes.;;;;;;;;;;;x
PATRONS_FAE_GHP.7.b;Shiallia the Golden, goddess of fertility.;;;;;;;;;;;x
PATRONS_FAE_GHP.7.c;Lurue the Unicorn, queen of talking beasts.;;;;;;;;;;;x
PATRONS_FAE_GHP.7.d;There are yet others...;;;;;;;;;;;x
PATRONS_FAE_GHP.8.desc;Maybe another nature deity would fit me better.;;;;;;;;;;;x
PATRONS_FAE_GHP.8.a;Gwaeron Windstrom, the supreme tracker.;;;;;;;;;;;x
PATRONS_FAE_GHP.8.b;Auril the Frostmaiden, goddess of winter.;;;;;;;;;;;x
PATRONS_FAE_GHP.8.c;Kossuth the Firelord, primordial of flame.;;;;;;;;;;;x
PATRONS_FAE_GHP.20.a;Grumbar, primordial of earth.;;;;;;;;;;;x
PATRONS_FAE_GHP.20.b;Istishia, primordial of water.;;;;;;;;;;;x
PATRONS_FAE_GHP.20.c;Nobanion, the primal spirit of lions and good beast.;;;;;;;;;;;x
PATRONS_FAE_GHP.21.a;Ibrandul, the god of the Underdark and caverns.;;;;;;;;;;;x
PATRONS_FAE_GHP.8.d;Perhaps a different kind of deity after all...;;;;;;;;;;;x
PATRONS_FAE_GHP.9.desc;Choosing a god of conflict will show the strength with which I mean to rule.;;;;;;;;;;;x
PATRONS_FAE_GHP.9.a;Tempus, Lord of Battles, chief god of war.;;;;;;;;;;;x
PATRONS_FAE_GHP.9.b;Red Knight, mistress of strategy.;;;;;;;;;;;x
PATRONS_FAE_GHP.9.c;Valkur the Mighty, god of sailing and raiding.;;;;;;;;;;;x
PATRONS_FAE_GHP.9.d;Perhaps a different kind of deity after all...;;;;;;;;;;;x
PATRONS_FAE_GHP.9.e;There are others...;;;;;;;;;;;x
PATRONS_FAE_GHP.22.desc;Maybe another war deity would fit me better.;;;;;;;;;;;x
PATRONS_FAE_GHP.22.a;[Root.AnhurLoc], the god of conflict and physical prowess.;;;;;;;;;;;x
PATRONS_FAE_GHP.22.b;Tchazzar, god of Chessenta and victory.;;;;;;;;;;;x
PATRONS_FAE_GHP.22.c;Eilistraee, goddes of dance, freedom and hunting.;;;;;;;;;;;x
PATRONS_FAE_GHP.10.desc;Choosing a god of knowledge or the secular arts will show my commitment to learning.;;;;;;;;;;;x
PATRONS_FAE_GHP.10.a;[Root.OghmaLoc] the Binder, god of knowledge.;;;;;;;;;;;x
PATRONS_FAE_GHP.10.b;[Root.GondLoc] Wonderbringer, master of invention.;;;;;;;;;;;x
PATRONS_FAE_GHP.10.c;Milil, Lord of Song, god of the secular creative arts.;;;;;;;;;;;x
PATRONS_FAE_GHP.10.d;There are others...;;;;;;;;;;;x
PATRONS_FAE_GHP.11.desc;A different deity of knowledge might be more suitable.;;;;;;;;;;;x
PATRONS_FAE_GHP.11.a;Deneir the First Scribe, god of literature.;;;;;;;;;;;x
PATRONS_FAE_GHP.11.b;Perhaps a different kind of deity after all...;;;;;;;;;;;x
PATRONS_FAE_GHP.12.desc;Dedicating myself to a god of magic will show my respect for the True Art.;;;;;;;;;;;x
PATRONS_FAE_GHP.12.a;[Root.MystraLoc], personification of the Weave, goddess of all magic.;;;;;;;;;;;x
PATRONS_FAE_GHP.12.b;Azuth, god of wizards and spellcraft.;;;;;;;;;;;x
PATRONS_FAE_GHP.12.c;Leira, goddess of illusion and mystery.;;;;;;;;;;;x
PATRONS_FAE_GHP.12.d;There are others...;;;;;;;;;;;x
PATRONS_FAE_GHP.13.desc;Maybe another god of magic would suit me better.;;;;;;;;;;;x
PATRONS_FAE_GHP.13.a;Savras the All-Seeing, god of divination.;;;;;;;;;;;x
PATRONS_FAE_GHP.13.c;[Root.ThothLoc], the god of scribes and secrets.;;;;;;;;;;;x
PATRONS_FAE_GHP.13.b;Perhaps a different kind of deity after all...;;;;;;;;;;;x
PATRONS_FAE_GHP.14.desc;Worshipping a god of leisure and happiness will show that I mean to be a bountiful ruler.;;;;;;;;;;;x
PATRONS_FAE_GHP.14.a;Lathander the Morninglord, god of dawn, daylight, and renewal.;;;;;;;;;;;x
PATRONS_FAE_GHP.14.b;Sune Firehair, goddess of beauty and passion.;;;;;;;;;;;x
PATRONS_FAE_GHP.14.c;Lliira Joybringer, goddess of happiness and dance.;;;;;;;;;;;x
PATRONS_FAE_GHP.14.d;Maybe another deity of pleasure is more suitable.;;;;;;;;;;;x
PATRONS_FAE_GHP.15.desc;Worshipping a deity of pleasure and the senses would show I enjoy the good things in life.;;;;;;;;;;;x
PATRONS_FAE_GHP.15.a;[Root.SharessLoc], goddess of sexuality and sensual pleasure.;;;;;;;;;;;x
PATRONS_FAE_GHP.15.c;[Root.IsisLoc], the goddess of weather and marriage.;;;;;;;;;;;x
PATRONS_FAE_GHP.15.d;[Root.HathorLoc], the goddess of motherhood and dance.;;;;;;;;;;;x
PATRONS_FAE_GHP.15.b;Perhaps a different kind of deity after all...;;;;;;;;;;;x
PATRONS_FAE_GHP.16.desc;Honouring a deity of chance and good fortune will show that I wish good things for my people.;;;;;;;;;;;x
PATRONS_FAE_GHP.16.a;Tymora, goddess of good luck.;;;;;;;;;;;x
PATRONS_FAE_GHP.16.b;Waukeen, goddess of commerce and prosperity.;;;;;;;;;;;x
PATRONS_FAE_GHP.16.d;[Root.GebLoc], god of minerals and miners.;;;;;;;;;;;x
PATRONS_FAE_GHP.16.e;Maybe another deity of fortune is more suitable.;;;;;;;;;;;x
PATRONS_FAE_GHP.16.c;Perhaps a different kind of deity after all...;;;;;;;;;;;x
PATRONS_FAE_GHP.23.desc;Honouring a deity of chance and good fortune will show that I wish good things for my people.;;;;;;;;;;;x
PATRONS_FAE_GHP.23.a;[Root.NephthysLoc], goddes of trade and protector of the dead.;;;;;;;;;;;x
PATRONS_FAE_GHP.17.desc;Worshipping a god of travel will demonstrate my concern for wayfarers in my domains.;;;;;;;;;;;x
PATRONS_FAE_GHP.17.a;[Root.SeluneLoc] the Moonmaiden, goddess of navigation and of the cycles of life.;;;;;;;;;;;x
PATRONS_FAE_GHP.17.b;Shaundakul the Rider of the Winds, god of the winds, travellers and exploration.;;;;;;;;;;;x
PATRONS_FAE_GHP.17.c;Finder Wyvernspur, god of change and transition.;;;;;;;;;;;x
PATRONS_FAE_GHP.17.d;Perhaps a different kind of deity after all...;;;;;;;;;;;x
PATRONS_FAE_GHP.17.e;Maybe another deity of fortune is more suitable.;;;;;;;;;;;x
PATRONS_FAE_GHP.24.desc;Worshipping a god of travel will demonstrate my concern for wayfarers in my domains.;;;;;;;;;;;x
PATRONS_FAE_GHP.24.a;Akadi, primordial of air;;;;;;;;;;;x
PATRONS_FAE_GHP.24.b;Perhaps a different kind of deity after all...;;;;;;;;;;;x
PATRONS_FAE_GHP.18.desc;Worshipping a god of death will represent my seriousness and concern for the future.;;;;;;;;;;;x
PATRONS_FAE_GHP.18.a;Kelemvor, Lord of the Dead, judge of the afterlife.;;;;;;;;;;;x
PATRONS_FAE_GHP.18.b;Jergal, the Scribe of Death, recorder of deeds.;;;;;;;;;;;x
PATRONS_FAE_GHP.18.c;Perhaps a different kind of deity after all...;;;;;;;;;;;x
PATRONS_FAE_GHP.18.d;Osiris, god of justice and death.;;;;;;;;;;;x
###SOMETHING ELSE;;;;;;;;;;;;x
patrons_fae_cf;Choose a Patron Deity;;;;;;;;;;;x
patrons_fae_cf_desc;Although the people of Faerûn honour many gods, you may choose to devote yourself to one of them in particular.;;;;;;;;;;;x
PATRONS_FAE_CF.1.desc;Maybe I should choose a deity whose nature and special areas of concern are fitting to my position and governance.;;;;;;;;;;;x
PATRONS_FAE_CF.1.a;One of the gods of justice and good rulership.;;;;;;;;;;;x
PATRONS_FAE_CF.1.b;One of the gods of the natural world of Toril.;;;;;;;;;;;x
PATRONS_FAE_CF.1.c;One of the gods of violence and combat.;;;;;;;;;;;x
PATRONS_FAE_CF.1.d;A god with a different sort of portfolio...;;;;;;;;;;;x
PATRONS_FAE_CF.2.desc;Maybe I should choose a deity who sponsors an activity which is close to my heart.;;;;;;;;;;;x
PATRONS_FAE_CF.2.a;One of the gods of light and inspiration.;;;;;;;;;;;x
PATRONS_FAE_CF.2.b;One of the gods of magic and sorcery.;;;;;;;;;;;x
PATRONS_FAE_CF.2.c;One of the gods of leisure and happiness.;;;;;;;;;;;x
PATRONS_FAE_CF.2.d;A god with a different sort of portfolio...;;;;;;;;;;;x
PATRONS_FAE_CF.3.desc;Maybe I should choose a deity who will guide me through the unexpected and difficult parts of life.;;;;;;;;;;;x
PATRONS_FAE_CF.3.a;One of the gods of chance and good fortune.;;;;;;;;;;;x
PATRONS_FAE_CF.3.b;One of the gods of darkness and concealment.;;;;;;;;;;;x
PATRONS_FAE_CF.3.c;A god with a different sort of portfolio...;;;;;;;;;;;x
PATRONS_FAE_CF.4.desc;Choosing a god of justice will show what kind of ruler I mean to be.;;;;;;;;;;;x
PATRONS_FAE_CF.4.a;Anachtyr, god of justice and lawmaking.;;;;;;;;;;;x
PATRONS_FAE_CF.4.b;Torm the True, god of loyalty.;;;;;;;;;;;x
PATRONS_FAE_CF.4.c;Ilmater, the Crying God, patron of those who suffer.;;;;;;;;;;;x
PATRONS_FAE_CF.4.d;Perhaps a different kind of deity after all...;;;;;;;;;;;x
PATRONS_FAE_CF.6.desc;Choosing a god of nature will show my attunement to the world around me.;;;;;;;;;;;x
PATRONS_FAE_CF.6.a;Nobanion Firemane, lion-spirit of royalty and good animals.;;;;;;;;;;;x
PATRONS_FAE_CF.6.b;Bhaelros Stormlord, god of natural disasters.;;;;;;;;;;;x
PATRONS_FAE_CF.6.c;Akadi the Lady of the Winds, primordial of Air.;;;;;;;;;;;x
PATRONS_FAE_CF.6.d;Perhaps a different kind of deity after all...;;;;;;;;;;;x
PATRONS_FAE_CF.9.desc;Choosing a god of conflict will show the strength with which I mean to rule.;;;;;;;;;;;x
PATRONS_FAE_CF.9.a;Garagos the Reaver, master of all weapons.;;;;;;;;;;;x
PATRONS_FAE_CF.9.b;Red Knight, mistress of strategy.;;;;;;;;;;;x
PATRONS_FAE_CF.9.c;Malar the Beastlord, god of the hunt.;;;;;;;;;;;x
PATRONS_FAE_CF.9.d;Perhaps a different kind of deity after all...;;;;;;;;;;;x
PATRONS_FAE_CF.10.desc;Choosing a god of light and inspiration while show the positive nature of my rule.;;;;;;;;;;;x
PATRONS_FAE_CF.10.a;Lathander the Morninglord, god of dawn, daylight, and renewal.;;;;;;;;;;;x
PATRONS_FAE_CF.10.b;Selûne the Moonmaiden, goddess of navigation and of the cycles of life.;;;;;;;;;;;x
PATRONS_FAE_CF.10.c;Perhaps a different kind of deity after all...;;;;;;;;;;;x
PATRONS_FAE_CF.12.desc;Dedicating myself to a god of magic will show my respect for the True Art.;;;;;;;;;;;x
PATRONS_FAE_CF.12.a;Mystra, personification of the Weave, goddess of all magic.;;;;;;;;;;;x
PATRONS_FAE_CF.12.b;Azuth, god of wizards and spellcraft.;;;;;;;;;;;x
PATRONS_FAE_CF.12.c;Perhaps a different kind of deity after all...;;;;;;;;;;;x
PATRONS_FAE_CF.14.desc;Worshipping a god of leisure and happiness will show that I mean to be a bountiful ruler.;;;;;;;;;;;x
PATRONS_FAE_CF.14.a;Lliira Joybringer, goddess of happiness and dance.;;;;;;;;;;;x
PATRONS_FAE_CF.14.b;Sharess, goddess of sexuality and sensual pleasure.;;;;;;;;;;;x
PATRONS_FAE_CF.14.c;Perhaps a different kind of deity after all...;;;;;;;;;;;x
PATRONS_FAE_CF.16.desc;Honouring a deity of chance and good fortune will show that I wish good things for my people.;;;;;;;;;;;x
PATRONS_FAE_CF.16.a;Tymora, goddess of good luck.;;;;;;;;;;;x
PATRONS_FAE_CF.16.b;Waukeen, goddess of commerce and prosperity.;;;;;;;;;;;x
PATRONS_FAE_CF.16.c;Perhaps a different kind of deity after all...;;;;;;;;;;;x
PATRONS_FAE_CF.17.desc;Worshipping a god of darkness and concealment will show my subjects that they should rely on me for protection in this harsh world.;;;;;;;;;;;x
PATRONS_FAE_CF.17.a;Shar Nightsinger, goddess of secrets and forgetting.;;;;;;;;;;;x
PATRONS_FAE_CF.17.b;Ibrandul, Lord of the Dry Depths, god of caverns and stealth.;;;;;;;;;;;x
PATRONS_FAE_CF.17.c;Perhaps a different kind of deity after all...;;;;;;;;;;;x
###FEY ELF;;;;;;;;;;;;x
patrons_fae_elven;Choose a Patron Deity;;;;;;;;;;;x
patrons_fae_elven_desc;Although the people of Faerûn honour many gods, you may choose to devote yourself to one of them in particular.;;;;;;;;;;;x
PATRONS_FAE_ELF.1.desc;Although the people of Faerûn honour many gods, you may choose to devote yourself to one of them in particular.;;;;;;;;;;;x
PATRONS_FAE_ELF.1.a;Corellon Larethian, god of elves, magic and warfare.;;;;;;;;;;;x
PATRONS_FAE_ELF.1.b;Sehanine Moonbow, goddess of the moon and death.;;;;;;;;;;;x
PATRONS_FAE_ELF.1.c;Hanali Celanil, goddes of love and beauty.;;;;;;;;;;;x
PATRONS_FAE_ELF.1.d;There are others...;;;;;;;;;;;x
PATRONS_FAE_ELF.2.desc;Although the people of Faerûn honour many gods, you may choose to devote yourself to one of them in particular.;;;;;;;;;;;x
PATRONS_FAE_ELF.2.a;Labelas Enoreth, god of time and history.;;;;;;;;;;;x
PATRONS_FAE_ELF.2.b;Rillifane Rallathil, god of nature and woodlands.;;;;;;;;;;;x
PATRONS_FAE_ELF.2.c;Fenmarel Mestarine, god of outcasts and isolation.;;;;;;;;;;;x
PATRONS_FAE_ELF.2.d;There are others...;;;;;;;;;;;x
PATRONS_FAE_ELF.3.desc;Although the people of Faerûn honour many gods, you may choose to devote yourself to one of them in particular.;;;;;;;;;;;x
PATRONS_FAE_ELF.3.a;Aerdrie Faenya, goddess of wind and weather.;;;;;;;;;;;x
PATRONS_FAE_ELF.3.b;Shevarash, god of vengeance and loss.;;;;;;;;;;;x
PATRONS_FAE_ELF.3.c;Solonor Thelandira, god of hunting and archery.;;;;;;;;;;;x
PATRONS_FAE_ELF.3.d;There are others...;;;;;;;;;;;x
PATRONS_FAE_ELF.4.desc;Although the people of Faerûn honour many gods, you may choose to devote yourself to one of them in particular.;;;;;;;;;;;x
PATRONS_FAE_ELF.4.a;[Root.MielikkiLoc], goddess of forest creatures and rangers.;;;;;;;;;;;x
PATRONS_FAE_ELF.4.b;[Root.LurueLoc], goddess of unicorns and pegasi.;;;;;;;;;;;x
PATRONS_FAE_ELF.4.d;Vandria Gilmadrith, goddess of war and grief.;;;;;;;;;;;x
PATRONS_FAE_ELF.4.c;There are others...;;;;;;;;;;;x
###DROW ELF;;;;;;;;;;;;x
patrons_fae_drow;Choose a Patron Deity;;;;;;;;;;;x
patrons_fae_drow_desc;Although the people of the Underdark honour many gods, you may choose to devote yourself to one of them in particular.;;;;;;;;;;;x
PATRONS_FAE_DROW.1.desc;Although the people of the Underdark honour many gods, you may choose to devote yourself to one of them in particular.;;;;;;;;;;;x
PATRONS_FAE_DROW.1.a;Eilistraee, goddes of dance, freedom and hunting.;;;;;;;;;;;x
PATRONS_FAE_DROW.1.b;Vhaeraun, god of thieves, arrogance and shadows.;;;;;;;;;;;x
PATRONS_FAE_DROW.1.c;Ghaunandaur, god of oozes and rebels.;;;;;;;;;;;x
PATRONS_FAE_DROW.1.d;There are others...;;;;;;;;;;;x
PATRONS_FAE_DROW.2.desc;Although the people of the Underdark honour many gods, you may choose to devote yourself to one of them in particular.;;;;;;;;;;;x
PATRONS_FAE_DROW.2.a;Kiaransalee, goddes of necromancy and vengeance.;;;;;;;;;;;x
PATRONS_FAE_DROW.2.b;Selvetarm, god of warriors and slaughter.;;;;;;;;;;;x
PATRONS_FAE_DROW.2.c;Zinzerena, goddess of assassins and lies.;;;;;;;;;;;x
PATRONS_FAE_DROW.2.d;There are others...;;;;;;;;;;;x
PATRONS_FAE_DROW.3.desc;Although the people of the Underdark honour many gods, you may choose to devote yourself to one of them in particular.;;;;;;;;;;;x
PATRONS_FAE_DROW.3.1;Malyk, god of wild magic.;;;;;;;;;;;x
PATRONS_FAE_DROW.3.b;There are others...;;;;;;;;;;;x
###DRAGON DRACONIC;;;;;;;;;;;;x
patrons_fae_dragon;Choose a Patron Deity;;;;;;;;;;;x
patrons_fae_dragon_desc;Although the people of Faerûn honour many gods, you may choose to devote yourself to one of them in particular.;;;;;;;;;;;x
PATRONS_FAE_DRAGON.1.desc;Although the people of Faerûn honour many gods, you may choose to devote yourself to one of them in particular.;;;;;;;;;;;x
PATRONS_FAE_DRAGON.1.a;Asgorath, god and primordial who created dragons;;;;;;;;;;;x
PATRONS_FAE_DRAGON.1.b;Zorquan, god of "dragonness".;;;;;;;;;;;x
PATRONS_FAE_DRAGON.1.c;Astilabor, goddess of acquisitiveness and wealth.;;;;;;;;;;;x
PATRONS_FAE_DRAGON.1.d;There are others...;;;;;;;;;;;x
PATRONS_FAE_DRAGON.2.desc;Although the people of Faerûn honour many gods, you may choose to devote yourself to one of them in particular.;;;;;;;;;;;x
PATRONS_FAE_DRAGON.2.a;Bahamut, god of honour and valour.;;;;;;;;;;;x
PATRONS_FAE_DRAGON.2.b;Tiamat, goddess of vengeance and domination.;;;;;;;;;;;x
PATRONS_FAE_DRAGON.2.c;Sardior, god of neutrality and psionics.;;;;;;;;;;;x
PATRONS_FAE_DRAGON.2.d;There are others...;;;;;;;;;;;x
PATRONS_FAE_DRAGON.3.desc;Although the people of Faerûn honour many gods, you may choose to devote yourself to one of them in particular.;;;;;;;;;;;x
PATRONS_FAE_DRAGON.3.a;Hlal, goddess of humour and inventiveness.;;;;;;;;;;;x
PATRONS_FAE_DRAGON.3.b;Lendys, god of justice.;;;;;;;;;;;x
PATRONS_FAE_DRAGON.3.c;Tamara, goddess of mercy and healing.;;;;;;;;;;;x
PATRONS_FAE_DRAGON.3.d;There are others...;;;;;;;;;;;x
PATRONS_FAE_DRAGON.4.desc;Although the people of Faerûn honour many gods, you may choose to devote yourself to one of them in particular.;;;;;;;;;;;x
PATRONS_FAE_DRAGON.4.a;Garyx, god of fire and destruction.;;;;;;;;;;;x
PATRONS_FAE_DRAGON.4.b;Kereska, goddess of magic.;;;;;;;;;;;x
PATRONS_FAE_DRAGON.4.c;Null, god of death.;;;;;;;;;;;x
PATRONS_FAE_DRAGON.4.d;There are others...;;;;;;;;;;;x
PATRONS_FAE_DRAGON.5.desc;Although the people of Faerûn honour many gods, you may choose to devote yourself to one of them in particular.;;;;;;;;;;;x
PATRONS_FAE_DRAGON.5.a;Task, god of greed.;;;;;;;;;;;x
PATRONS_FAE_DRAGON.5.c;Kurtulmak, god of kobolds and traps.;;;;;;;;;;;x
PATRONS_FAE_DRAGON.5.b;There are others...;;;;;;;;;;;x
###FAERUN EVIL;;;;;;;;;;;;x
patrons_fae_ehp;Choose a Patron Deity;;;;;;;;;;;x
patrons_fae_ehp_desc;Although the people of Faerûn honour many gods, you may choose to devote yourself to one of them in particular.;;;;;;;;;;;x
PATRONS_FAE_EHP.1.desc;Maybe I should choose a deity whose nature and special areas of concern are fitting to my position and governance.;;;;;;;;;;;x
PATRONS_FAE_EHP.1.a;One of the gods of rulership and domination.;;;;;;;;;;;x
PATRONS_FAE_EHP.1.b;One of the gods of the natural world of Toril.;;;;;;;;;;;x
PATRONS_FAE_EHP.1.c;One of the gods of violence and combat.;;;;;;;;;;;x
PATRONS_FAE_EHP.1.d;A god with a different sort of portfolio...;;;;;;;;;;;x
PATRONS_FAE_EHP.2.desc;Maybe I should choose a deity who sponsors an activity which is close to my heart.;;;;;;;;;;;x
PATRONS_FAE_EHP.2.a;One of the gods of magic and sorcery.;;;;;;;;;;;x
PATRONS_FAE_EHP.2.b;One of the gods of knowledge and invention.;;;;;;;;;;;x
PATRONS_FAE_EHP.2.c;One of the gods of society and its activities.;;;;;;;;;;;x
PATRONS_FAE_EHP.2.d;A god with a different sort of portfolio...;;;;;;;;;;;x
PATRONS_FAE_EHP.3.desc;Maybe I should choose a deity who will guide me through the unexpected and difficult parts of life.;;;;;;;;;;;x
PATRONS_FAE_EHP.3.a;One of the gods of darkness and concealment.;;;;;;;;;;;x
PATRONS_FAE_EHP.3.b;One of the gods of death and the dead.;;;;;;;;;;;x
PATRONS_FAE_EHP.3.c;A god with a different sort of portfolio...;;;;;;;;;;;x
PATRONS_FAE_EHP.4.desc;Choosing a god of rulership will show that I am meant to be in charge.;;;;;;;;;;;x
PATRONS_FAE_EHP.4.a;Lord Bane, god of tyranny, fear and hatred.;;;;;;;;;;;x
PATRONS_FAE_EHP.4.b;Hoar, god of retribution and poetic justice.;;;;;;;;;;;x
PATRONS_FAE_EHP.4.c;Loviatar, goddess of pain and torture.;;;;;;;;;;;x
PATRONS_FAE_EHP.4.d;There are others...;;;;;;;;;;;x
PATRONS_FAE_EHP.5.desc;A lesser-known god of rulership might reflect my ambitions better.;;;;;;;;;;;x
PATRONS_FAE_EHP.5.a;Siamorphe, goddess of nobles and royalty.;;;;;;;;;;;x
PATRONS_FAE_EHP.5.b;Tiamat, goddess of chromatic dragons and greed.;;;;;;;;;;;x
PATRONS_FAE_EHP.5.c;Gargauth, the exiled archdevil.;;;;;;;;;;;x
PATRONS_FAE_EHP.5.d;There are others...;;;;;;;;;;;x
PATRONS_FAE_EHP.6.desc;A lesser-known god of rulership might reflect my ambitions better.;;;;;;;;;;;x
PATRONS_FAE_EHP.6.a;Iyachtu Xvim the Baneson, god of tyranny and hatred.;;;;;;;;;;;x
PATRONS_FAE_EHP.6.b;[Root.AmaunatorLoc], god of law and bureaucracy.;;;;;;;;;;;x
PATRONS_FAE_EHP.6.c;Perhaps a different kind of deity after all...;;;;;;;;;;;x
PATRONS_FAE_EHP.7.desc;Choosing a god of nature will show my concern for the lands I govern.;;;;;;;;;;;x
PATRONS_FAE_EHP.7.a;Kossuth, primordial of fire.;;;;;;;;;;;x
PATRONS_FAE_EHP.7.b;Silvanus, god of the wilderness.;;;;;;;;;;;x
PATRONS_FAE_EHP.7.c;Umberlee, goddess of the wrathful sea.;;;;;;;;;;;x
PATRONS_FAE_EHP.7.d;There are others...;;;;;;;;;;;x
PATRONS_FAE_EHP.8.desc;Maybe a more specialised nature deity would suit me.;;;;;;;;;;;x
PATRONS_FAE_EHP.8.a;Akadi, primordial of air.;;;;;;;;;;;x
PATRONS_FAE_EHP.8.b;Grumbar, primordial of earth.;;;;;;;;;;;x
PATRONS_FAE_EHP.8.c;Istishia, primordial of water.;;;;;;;;;;;x
PATRONS_FAE_EHP.8.d;There are others...;;;;;;;;;;;x
PATRONS_FAE_EHP.9.desc;Maybe a more specialised nature deity would suit me.;;;;;;;;;;;x
PATRONS_FAE_EHP.9.a;Talona, goddess of disease and epidemics.;;;;;;;;;;;x
PATRONS_FAE_EHP.9.b;Geb, god of mines and miners.;;;;;;;;;;;x
PATRONS_FAE_EHP.9.c;Sebek, god of crocodiles and rivers.;;;;;;;;;;;x
PATRONS_FAE_EHP.9.d;Perhaps a different kind of deity after all...;;;;;;;;;;;x
PATRONS_FAE_EHP.10.desc;Choosing a god of conflict will show the strength with which I mean to rule.;;;;;;;;;;;x
PATRONS_FAE_EHP.10.a;Tempus, Lord of Battles, chief god of war.;;;;;;;;;;;x
PATRONS_FAE_EHP.10.b;Red Knight, mistress of strategy.;;;;;;;;;;;x
PATRONS_FAE_EHP.10.c;Garagos, god of slaughter.;;;;;;;;;;;x
PATRONS_FAE_EHP.10.d;Perhaps a different kind of deity after all...;;;;;;;;;;;x
PATRONS_FAE_EHP.11.desc;Dedicating myself to a god of magic will show my respect for the True Art.;;;;;;;;;;;x
PATRONS_FAE_EHP.11.a;[Root.MystraLoc], personification of the Weave, goddess of all magic.;;;;;;;;;;;x
PATRONS_FAE_EHP.11.b;Azuth, god of wizards and spellcraft.;;;;;;;;;;;x
PATRONS_FAE_EHP.11.c;Leira, goddess of illusion and mystery.;;;;;;;;;;;x
PATRONS_FAE_EHP.11.d;There are others...;;;;;;;;;;;x
PATRONS_FAE_EHP.12.desc;Maybe another god of magic would suit me better.;;;;;;;;;;;x
PATRONS_FAE_EHP.12.a;Savras the All-Seeing, god of divination.;;;;;;;;;;;x
PATRONS_FAE_EHP.12.b;Velsharoon, the god of necromancy.;;;;;;;;;;;x
PATRONS_FAE_EHP.12.c;[Root.ThothLoc], the god of scribes and secrets.;;;;;;;;;;;x
PATRONS_FAE_EHP.12.d;Perhaps a different kind of deity after all...;;;;;;;;;;;x
PATRONS_FAE_EHP.13.desc;Choosing a god of knowledge or the secular arts will show my commitment to learning.;;;;;;;;;;;x
PATRONS_FAE_EHP.13.a;[Root.OghmaLoc] the Binder, god of knowledge.;;;;;;;;;;;x
PATRONS_FAE_EHP.13.b;[Root.GondLoc] Wonderbringer, master of invention.;;;;;;;;;;;x
PATRONS_FAE_EHP.13.c;Ilsensine, god of mental domination and psionics.;;;;;;;;;;;x
PATRONS_FAE_EHP.13.d;There are others...;;;;;;;;;;;x
PATRONS_FAE_EHP.13.e;Perhaps a different kind of deity after all...;;;;;;;;;;;x
PATRONS_FAE_EHP.14.desc;A different deity of knowledge might be more suitable.;;;;;;;;;;;x
PATRONS_FAE_EHP.14.a;Maanzecorian, god of memory and aptitude.;;;;;;;;;;;x
PATRONS_FAE_EHP.14.b;Perhaps a different kind of deity after all...;;;;;;;;;;;x
PATRONS_FAE_EHP.14.c;The Great Mother, deity of beholders and their magic.;;;;;;;;;;;x
PATRONS_FAE_EHP.15.desc;Choosing a god of society's various aspects will show how civilized I am..;;;;;;;;;;;x
PATRONS_FAE_EHP.15.a;Shaundakul the Rider of the Winds, god of the winds, travellers and exploration.;;;;;;;;;;;x
PATRONS_FAE_EHP.15.b;Sune Firehair, goddess of beauty and passion.;;;;;;;;;;;x
PATRONS_FAE_EHP.15.c;Waukeen, goddess of commerce and prosperity.;;;;;;;;;;;x
PATRONS_FAE_EHP.15.d;There are others...;;;;;;;;;;;x
PATRONS_FAE_EHP.16.desc;A different deity of society might be more suitable.;;;;;;;;;;;x
PATRONS_FAE_EHP.16.a;Beshaba, goddess of bad luck.;;;;;;;;;;;x
PATRONS_FAE_EHP.16.b;Perhaps a different kind of deity after all...;;;;;;;;;;;x
PATRONS_FAE_EHP.17.desc;Worshipping a god of darkness and concealment will show my subjects that they should rely on me for protection in this harsh world.;;;;;;;;;;;x
PATRONS_FAE_EHP.17.a;Mask, god of thieves and shadows.;;;;;;;;;;;x
PATRONS_FAE_EHP.17.b;Shar Nightsinger, goddess of secrets and forgetting.;;;;;;;;;;;x
PATRONS_FAE_EHP.17.c;Ghaundaur, god of rebels and oozes.;;;;;;;;;;;x
PATRONS_FAE_EHP.17.d;There are others...;;;;;;;;;;;x
PATRONS_FAE_EHP.18.desc;A different deity of darkness might be more suitable.;;;;;;;;;;;x
PATRONS_FAE_EHP.18.a;Ibrandul, Lord of the Dry Depths, god of caverns and stealth.;;;;;;;;;;;x
PATRONS_FAE_EHP.18.b;Moander, god of rot and decay.;;;;;;;;;;;x
PATRONS_FAE_EHP.18.c;[Root.SetLoc], god of night and betrayal.;;;;;;;;;;;x
PATRONS_FAE_EHP.18.d;Perhaps a different kind of deity after all...;;;;;;;;;;;x
PATRONS_FAE_EHP.19.desc;Worshipping a god of death will represent my seriousness and concern for the future.;;;;;;;;;;;x
PATRONS_FAE_EHP.19.a;Kelemvor, Lord of the Dead, judge of the afterlife.;;;;;;;;;;;x
PATRONS_FAE_EHP.19.b;Jergal, the Scribe of Death, recorder of deeds.;;;;;;;;;;;x
PATRONS_FAE_EHP.19.c;Bhaal, god of death and murder.;;;;;;;;;;;x
PATRONS_FAE_EHP.19.d;There are others...;;;;;;;;;;;x
PATRONS_FAE_EHP.20.desc;A different deity of death might be more suitable.;;;;;;;;;;;x
PATRONS_FAE_EHP.20.a;Myrkul the Reaper, god of decay and the dead.;;;;;;;;;;;x
PATRONS_FAE_EHP.20.b;Perhaps a different kind of deity after all...;;;;;;;;;;;x
patrons_fae_dof;Choose a Patron Deity;;;;;;;;;;;x
patrons_fae_dof_desc;Although the people of Faerûn honour many gods, you may choose to devote yourself to one of them in particular.;;;;;;;;;;;x
###EVIL FURY;;;;;;;;;;;;x
PATRONS_FAE_DOF.1.desc;Although the people of Faerûn honour many gods, you may choose to devote yourself to one of them in particular.;;;;;;;;;;;x
PATRONS_FAE_DOF.1.a;[Root.TalosLoc], god of storms and destruction.;;;;;;;;;;;x
PATRONS_FAE_DOF.1.b;Auril, goddess of cold and winter.;;;;;;;;;;;x
PATRONS_FAE_DOF.1.c;[Root.MalarLoc], god of hunting and evil lycanthropes.;;;;;;;;;;;x
PATRONS_FAE_DOF.1.d;There are others...;;;;;;;;;;;x
PATRONS_FAE_DOF.2.desc;Although the people of Faerûn honour many gods, you may choose to devote yourself to one of them in particular.;;;;;;;;;;;x
PATRONS_FAE_DOF.2.a;Umberlee, goddess of sea and waves.;;;;;;;;;;;x
PATRONS_FAE_DOF.2.b;[Root.TempusLoc], god of battles and war.;;;;;;;;;;;x
PATRONS_FAE_DOF.2.c;[Root.GaragosLoc], god of violence and slaughter.;;;;;;;;;;;x
PATRONS_FAE_DOF.2.d;There are others...;;;;;;;;;;;x
PATRONS_FAE_DOF.3.desc;Although the people of Faerûn honour many gods, you may choose to devote yourself to one of them in particular.;;;;;;;;;;;x
PATRONS_FAE_DOF.3.a;Velsharoon, god of necromancy and undeath.;;;;;;;;;;;x
PATRONS_FAE_DOF.3.c;Valkur the Mighty, god of sailing and raiding.;;;;;;;;;;;x
PATRONS_FAE_DOF.3.b;There are others...;;;;;;;;;;;x
###DWARF;;;;;;;;;;;;x
patrons_fae_dwarf;Choose a Patron Deity;;;;;;;;;;;x
patrons_fae_dwarf_desc;Although the people of Faerûn honour many gods, you may choose to devote yourself to one of them in particular.;;;;;;;;;;;x
PATRONS_FAE_DWARF.1.desc;Although the people of Faerûn honour many gods, you may choose to devote yourself to one of them in particular.;;;;;;;;;;;x
PATRONS_FAE_DWARF.1.a;Moradin, god of dwarves, crafts and creation.;;;;;;;;;;;x
PATRONS_FAE_DWARF.1.b;Berronar Truesilver, goddess of the hearth and home.;;;;;;;;;;;x
PATRONS_FAE_DWARF.1.c;Dumathoin, god of mining, gems and shield dwarves.;;;;;;;;;;;x
PATRONS_FAE_DWARF.1.d;There are others...;;;;;;;;;;;x
PATRONS_FAE_DWARF.2.desc;Although the people of Faerûn honour many gods, you may choose to devote yourself to one of them in particular.;;;;;;;;;;;x
PATRONS_FAE_DWARF.2.a;Clangeddin Silverbeard, god of valor and honor.;;;;;;;;;;;x
PATRONS_FAE_DWARF.2.b;Gorm Gulthyn, god of defense and vigilance.;;;;;;;;;;;x
PATRONS_FAE_DWARF.2.c;Haela Brightaxe, goddess of luck and battle.;;;;;;;;;;;x
PATRONS_FAE_DWARF.2.d;There are others...;;;;;;;;;;;x
PATRONS_FAE_DWARF.3.desc;Although the people of Faerûn honour many gods, you may choose to devote yourself to one of them in particular.;;;;;;;;;;;x
PATRONS_FAE_DWARF.3.a;Dugmaren Brightmantle, god of scholarship and invention.;;;;;;;;;;;x
PATRONS_FAE_DWARF.3.b;Marthammor Duin, god of wanderers.;;;;;;;;;;;x
PATRONS_FAE_DWARF.3.c;Vergadain, god of trade and negotiation.;;;;;;;;;;;x
PATRONS_FAE_DWARF.3.d;There are others...;;;;;;;;;;;x
PATRONS_FAE_DWARF.4.desc;Although the people of Faerûn honour many gods, you may choose to devote yourself to one of them in particular.;;;;;;;;;;;x
PATRONS_FAE_DWARF.4.a;Sharindlar, goddess of fertility and healing.;;;;;;;;;;;x
PATRONS_FAE_DWARF.4.b;Abbathor, god of greed.;;;;;;;;;;;x
PATRONS_FAE_DWARF.4.c;There are others...;;;;;;;;;;;x
###YUIR;;;;;;;;;;;;x
patrons_fae_yuir;Choose a Patron Deity;;;;;;;;;;;x
patrons_fae_yuir_desc;Although the people of Faerûn honour many gods, you may choose to devote yourself to one of them in particular.;;;;;;;;;;;x
PATRONS_FAE_YUIR.1.desc;Although the people of Faerûn honour many gods, you may choose to devote yourself to one of them in particular.;;;;;;;;;;;x
PATRONS_FAE_YUIR.1.a;Elikarashae, goddess of hunting and survival.;;;;;;;;;;;x
PATRONS_FAE_YUIR.1.b;Relkath, god of forests and chaos.;;;;;;;;;;;x
PATRONS_FAE_YUIR.1.c;Simbul, goddess of fate.;;;;;;;;;;;x
PATRONS_FAE_YUIR.1.d;There are others...;;;;;;;;;;;x
PATRONS_FAE_YUIR.2.desc;Although the people of Faerûn honour many gods, you may choose to devote yourself to one of them in particular.;;;;;;;;;;;x
PATRONS_FAE_YUIR.2.a;Zandilar, goddess of love, joy and tragedy.;;;;;;;;;;;x
PATRONS_FAE_YUIR.2.b;There are others...;;;;;;;;;;;x
###UNTHERIC;;;;;;;;;;;;x
patrons_fae_unth;Choose a Patron Deity;;;;;;;;;;;x
patrons_fae_unth_desc;Although the people of Faerûn honour many gods, you may choose to devote yourself to one of them in particular.;;;;;;;;;;;x
PATRONS_FAE_UNTH.1.desc;Although the people of Faerûn honour many gods, you may choose to devote yourself to one of them in particular.;;;;;;;;;;;x
PATRONS_FAE_UNTH.1.a;Gilgeam, god of strength and Unther.;;;;;;;;;;;x
PATRONS_FAE_UNTH.1.b;Tiamat, goddess of evil dragons and greed.;;;;;;;;;;;x
PATRONS_FAE_UNTH.1.c;Bahamut, god of good dragons and wisdom.;;;;;;;;;;;x
PATRONS_FAE_UNTH.1.d;There are others...;;;;;;;;;;;x
PATRONS_FAE_UNTH.2.desc;Although the people of Faerûn honour many gods, you may choose to devote yourself to one of them in particular.;;;;;;;;;;;x
PATRONS_FAE_UNTH.2.a;[Root.HoarLoc], god of vengeance and retribution.;;;;;;;;;;;x
PATRONS_FAE_UNTH.2.b;[Root.AnhurLoc], god of duty and vigilance.;;;;;;;;;;;x
PATRONS_FAE_UNTH.2.c;[Root.IsisLoc], goddess of love and war.;;;;;;;;;;;x
PATRONS_FAE_UNTH.2.d;There are others...;;;;;;;;;;;x
###TUIGAN;;;;;;;;;;;;x
patrons_fae_tuigan;Choose a Patron Deity;;;;;;;;;;;x
patrons_fae_tuigan_desc;Although the people of Faerûn honour many gods, you may choose to devote yourself to one of them in particular.;;;;;;;;;;;x
PATRONS_FAE_TUI.1.desc;Although the people of Faerûn honour many gods, you may choose to devote yourself to one of them in particular.;;;;;;;;;;;x
PATRONS_FAE_TUI.1.a;[Root.AkadiLoc], primordial of air.;;;;;;;;;;;x
PATRONS_FAE_TUI.1.b;[Root.GrumbarLoc], primordial of earth.;;;;;;;;;;;x
PATRONS_FAE_TUI.1.c;[Root.MalarLoc], god of hunting and evil lycanthropes.;;;;;;;;;;;x
PATRONS_FAE_TUI.1.d;There are others...;;;;;;;;;;;x
PATRONS_FAE_TUI.2.desc;Although the people of Faerûn honour many gods, you may choose to devote yourself to one of them in particular.;;;;;;;;;;;x
PATRONS_FAE_TUI.2.a;Eldath, goddess of peace and lakes.;;;;;;;;;;;x
PATRONS_FAE_TUI.2.b;[Root.SeluneLoc], goddess of the moon and good lycanthropes.;;;;;;;;;;;x
PATRONS_FAE_TUI.2.d;Kossuth, primordial of fire.;;;;;;;;;;;x
PATRONS_FAE_TUI.2.c;There are others...;;;;;;;;;;;x
PATRONS_FAE_TUI.3.desc;Although the people of Faerûn honour many gods, you may choose to devote yourself to one of them in particular.;;;;;;;;;;;x
PATRONS_FAE_TUI.3.a;Istishia, primordial of water.;;;;;;;;;;;x
PATRONS_FAE_TUI.3.b;There are others...;;;;;;;;;;;x
###ORC;;;;;;;;;;;;x
patrons_fae_orc;Choose a Patron Deity;;;;;;;;;;;x
patrons_fae_orc_desc;Although the people of Faerûn honour many gods, you may choose to devote yourself to one of them in particular.;;;;;;;;;;;x
PATRONS_FAE_ORC.1.desc;Although the people of Faerûn honour many gods, you may choose to devote yourself to one of them in particular.;;;;;;;;;;;x
PATRONS_FAE_ORC.1.a;Gruumsh, god of orcs, war and storms.;;;;;;;;;;;x
PATRONS_FAE_ORC.1.b;Luthic, goddess of caverns, fertility and medicine.;;;;;;;;;;;x
PATRONS_FAE_ORC.1.c;Ilneval, god of strategy and destruction.;;;;;;;;;;;x
PATRONS_FAE_ORC.1.d;There are others...;;;;;;;;;;;x
PATRONS_FAE_ORC.2.desc;Although the people of Faerûn honour many gods, you may choose to devote yourself to one of them in particular.;;;;;;;;;;;x
PATRONS_FAE_ORC.2.a;Bahgtru, god of brute strength.;;;;;;;;;;;x
PATRONS_FAE_ORC.2.b;Shargaas, god of darkness, stealth and the undead.;;;;;;;;;;;x
PATRONS_FAE_ORC.2.c;Yurtrus, god of death and diseases.;;;;;;;;;;;x
PATRONS_FAE_ORC.2.d;There are others...;;;;;;;;;;;x
PATRONS_FAE_ORC.3.desc;Although the people of Faerûn honour many gods, you may choose to devote yourself to one of them in particular.;;;;;;;;;;;x
PATRONS_FAE_ORC.3.a;Herne, god of hunting and lycanthropes.;;;;;;;;;;;x
PATRONS_FAE_ORC.3.b;There are others...;;;;;;;;;;;x
###ULUTIU;;;;;;;;;;;;x
patrons_fae_ulutiu;Choose a Patron Deity;;;;;;;;;;;x
patrons_fae_ulutiu_desc;Although the people of Faerûn honour many gods, you may choose to devote yourself to one of them in particular.;;;;;;;;;;;x
PATRONS_FAE_ULU.1.desc;Although the people of Faerûn honour many gods, you may choose to devote yourself to one of them in particular.;;;;;;;;;;;x
PATRONS_FAE_ULU.1.a;Ulutiu, god of glaciers and arctic dwellers.;;;;;;;;;;;x
PATRONS_FAE_ULU.1.b;[Root.ChaunteaLoc], goddess of life and farming.;;;;;;;;;;;x
PATRONS_FAE_ULU.1.c;[Root.IlmaterLoc], god of endurance and suffering.;;;;;;;;;;;x
PATRONS_FAE_ULU.1.d;There are others...;;;;;;;;;;;x
PATRONS_FAE_ULU.2.desc;Although the people of Faerûn honour many gods, you may choose to devote yourself to one of them in particular.;;;;;;;;;;;x
PATRONS_FAE_ULU.2.a;[Root.MalarLoc], god of hunting and lycanthropes.;;;;;;;;;;;x
PATRONS_FAE_ULU.2.b;[Root.AurilLoc], goddess of ice and winter.;;;;;;;;;;;x
PATRONS_FAE_ULU.2.c;There are others...;;;;;;;;;;;x
###NETHERESE;;;;;;;;;;;;x
patrons_fae_netherese;Choose a Patron Deity;;;;;;;;;;;x
patrons_fae_netherese_desc;Although the people of Faerûn honour many gods, you may choose to devote yourself to one of them in particular.;;;;;;;;;;;x
PATRONS_FAE_NETH.1.desc;Although the people of Faerûn honour many gods, you may choose to devote yourself to one of them in particular.;;;;;;;;;;;x
PATRONS_FAE_NETH.1.a;Mystryl, goddess of magic, knowledge and the Weaver;;;;;;;;;;;x
PATRONS_FAE_NETH.1.b;[Root.AmaunatorLoc], god of law and the sun.;;;;;;;;;;;x
PATRONS_FAE_NETH.1.c;Shar, goddess of darkness and the night.;;;;;;;;;;;x
PATRONS_FAE_NETH.1.d;There are others...;;;;;;;;;;;x
PATRONS_FAE_NETH.2.desc;Although the people of Faerûn honour many gods, you may choose to devote yourself to one of them in particular.;;;;;;;;;;;x
PATRONS_FAE_NETH.2.a;Jannath, goddess of agriculture and life.;;;;;;;;;;;x
PATRONS_FAE_NETH.2.b;[Root.SeluneLoc], goddess of the moon, love and navigation.;;;;;;;;;;;x
PATRONS_FAE_NETH.2.c;Jergal, god of death, murder and strife.;;;;;;;;;;;x
PATRONS_FAE_NETH.2.d;There are others...;;;;;;;;;;;x
PATRONS_FAE_NETH.3.desc;Although the people of Faerûn honour many gods, you may choose to devote yourself to one of them in particular.;;;;;;;;;;;x
PATRONS_FAE_NETH.3.a;Kozah, god of storms and destruction.;;;;;;;;;;;x
PATRONS_FAE_NETH.3.b;Tyche, goddess of luck, chance and accidents.;;;;;;;;;;;x
PATRONS_FAE_NETH.3.c;Targus, god of war and violence.;;;;;;;;;;;x
PATRONS_FAE_NETH.3.d;There are others...;;;;;;;;;;;x
PATRONS_FAE_NETH.4.desc;Although the people of Faerûn honour many gods, you may choose to devote yourself to one of them in particular.;;;;;;;;;;;x
PATRONS_FAE_NETH.4.a;Moander, god of rot and decay.;;;;;;;;;;;x
PATRONS_FAE_NETH.4.c;Auppenser, god of psionics and serenity.;;;;;;;;;;;x
PATRONS_FAE_NETH.4.b;There are others...;;;;;;;;;;;x
###HALFLING;;;;;;;;;;;;x
patrons_fae_halfling;Choose a Patron Deity;;;;;;;;;;;x
patrons_fae_halfling_desc;Although the Hin folk honour many gods, you may choose to devote yourself to one of them in particular.;;;;;;;;;;;x
PATRONS_FAE_HALF.1.desc;Although the Hin folk honour many gods, you may choose to devote yourself to one of them in particular.;;;;;;;;;;;x
PATRONS_FAE_HALF.1.a;Yondalla, goddess of protection and halflings.;;;;;;;;;;;x
PATRONS_FAE_HALF.1.b;Sheela Peryryol, goddess of agriculture and love.;;;;;;;;;;;x
PATRONS_FAE_HALF.1.c;Urogalan, god of death and earth.;;;;;;;;;;;x
PATRONS_FAE_HALF.1.d;There are others...;;;;;;;;;;;x
PATRONS_FAE_HALF.2.desc;Although the Hin folk honour many gods, you may choose to devote yourself to one of them in particular.;;;;;;;;;;;x
PATRONS_FAE_HALF.2.a;Arvoreen, god of defense and vigilance.;;;;;;;;;;;x
PATRONS_FAE_HALF.2.b;Brandobaris, god of curiosity and thievery.;;;;;;;;;;;x
PATRONS_FAE_HALF.2.c;Cyrrollalee, goddess of friendship and hospitality.;;;;;;;;;;;x
PATRONS_FAE_HALF.2.d;There are others...;;;;;;;;;;;x
PATRONS_FAE_HALF.3.desc;Although the Hin folk honour many gods, you may choose to devote yourself to one of them in particular.;;;;;;;;;;;x
PATRONS_FAE_HALF.3.a;Tymora, goddess of luck and fortune.;;;;;;;;;;;x
PATRONS_FAE_HALF.3.b;There are others...;;;;;;;;;;;x
###MULHORANDI;;;;;;;;;;;;x
patrons_fae_mul;Choose a Patron Deity;;;;;;;;;;;x
patrons_fae_mul_desc;Although the people of Faerûn honour many gods, you may choose to devote yourself to one of them in particular.;;;;;;;;;;;x
PATRONS_FAE_MUL.1.desc;Although the people of Faerûn honour many gods, you may choose to devote yourself to one of them in particular.;;;;;;;;;;;x
PATRONS_FAE_MUL.1.a;[Root.HorusReLoc], god of the sun and rulership.;;;;;;;;;;;x
PATRONS_FAE_MUL.1.b;[Root.IsisLoc], goddess of agriculture and love.;;;;;;;;;;;x
PATRONS_FAE_MUL.1.c;[Root.OsirisLoc], god of death and justice.;;;;;;;;;;;x
PATRONS_FAE_MUL.1.d;There are others...;;;;;;;;;;;x
PATRONS_FAE_MUL.2.desc;Although the people of Faerûn honour many gods, you may choose to devote yourself to one of them in particular.;;;;;;;;;;;x
PATRONS_FAE_MUL.2.a;[Root.AnhurLoc], god of war and conflict.;;;;;;;;;;;x
PATRONS_FAE_MUL.2.b;[Root.SharessLoc], goddess of hedonism and cats.;;;;;;;;;;;x
PATRONS_FAE_MUL.2.c;[Root.VergadainLoc], god luck and cleverness.;;;;;;;;;;;x
PATRONS_FAE_MUL.2.d;There are others...;;;;;;;;;;;x
PATRONS_FAE_MUL.3.desc;Although the people of Faerûn honour many gods, you may choose to devote yourself to one of them in particular.;;;;;;;;;;;x
PATRONS_FAE_MUL.3.a;[Root.GebLoc], god of earth and minerals.;;;;;;;;;;;x
PATRONS_FAE_MUL.3.b;[Root.HathorLoc], goddess of fertility and motherhood.;;;;;;;;;;;x
PATRONS_FAE_MUL.3.c;[Root.NephthysLoc], goddes of commerce and wealth.;;;;;;;;;;;x
PATRONS_FAE_MUL.3.d;There are others...;;;;;;;;;;;x
PATRONS_FAE_MUL.4.desc;Although the people of Faerûn honour many gods, you may choose to devote yourself to one of them in particular.;;;;;;;;;;;x
PATRONS_FAE_MUL.4.a;[Root.ThothLoc], god of knowledge and magic.;;;;;;;;;;;x
PATRONS_FAE_MUL.4.b;[Root.SetLoc], god of drought and destruction.;;;;;;;;;;;x
PATRONS_FAE_MUL.4.c;[Root.SebekLoc], god of rivers and crocodiles.;;;;;;;;;;;x
PATRONS_FAE_MUL.4.d;There are others...;;;;;;;;;;;x
###ZAKHARAN;;;;;;;;;;;;x
patrons_fae_zakhara;Choose a Patron Deity;;;;;;;;;;;x
patrons_fae_zakhara_desc;Although the people of Zakhara honour many gods, you may choose to devote yourself to one of them in particular.;;;;;;;;;;;x
PATRONS_FAE_ZAKH.1.desc;Although the people of Zakhara honour many gods, you may choose to devote yourself to one of them in particular.;;;;;;;;;;;x
PATRONS_FAE_ZAKH.1.a;Hajama, god of bravery;;;;;;;;;;;x
PATRONS_FAE_ZAKH.1.b;Hakiyah, goddess of honesty and truth.;;;;;;;;;;;x
PATRONS_FAE_ZAKH.1.c;Haku, god of freedom.;;;;;;;;;;;x
PATRONS_FAE_ZAKH.1.d;There are others...;;;;;;;;;;;x
PATRONS_FAE_ZAKH.1.f;Kor, god of wisdom.;;;;;;;;;;;x
PATRONS_FAE_ZAKH.1.g;Najm, god of adventure.;;;;;;;;;;;x
PATRONS_FAE_ZAKH.2.desc;Although the people of Zakhara honour many gods, you may choose to devote yourself to one of them in particular.;;;;;;;;;;;x
PATRONS_FAE_ZAKH.2.a;Jisan, goddess of fertility and productivity.;;;;;;;;;;;x
PATRONS_FAE_ZAKH.2.b;Kor, god of wisdom.;;;;;;;;;;;x
PATRONS_FAE_ZAKH.2.c;Najm, god of adventure.;;;;;;;;;;;x
PATRONS_FAE_ZAKH.2.d;There are others...;;;;;;;;;;;x
PATRONS_FAE_ZAKH.2.e;Jauhar, goddes of wealth.;;;;;;;;;;;x
PATRONS_FAE_ZAKH.3.desc;Although the people of Zakhara honour many gods, you may choose to devote yourself to one of them in particular.;;;;;;;;;;;x
PATRONS_FAE_ZAKH.3.a;Selan, goddess of beauty.;;;;;;;;;;;x
PATRONS_FAE_ZAKH.3.b;Zann, god of knowledge and intellect.;;;;;;;;;;;x
PATRONS_FAE_ZAKH.3.c;There are others...;;;;;;;;;;;x
#Ubtaoan;;;;;;;;;;;;x
patrons_fae_ubtao;Choose a Patron Deity;;;;;;;;;;;x
patrons_fae_ubtao_desc;Although the people of Faerûn honour many gods, you may choose to devote yourself to one of them in particular.;;;;;;;;;;;x
PATRONS_FAE_UBTAO.1.desc;Although the people of Faerûn honour many gods, you may choose to devote yourself to one of them in particular.;;;;;;;;;;;x
PATRONS_FAE_UBTAO.1.a;Ubtao, primordial of jungles and dinosaurs.;;;;;;;;;;;x
PATRONS_FAE_UBTAO.1.b;Eshowdow, god of shadows and cowardice.;;;;;;;;;;;x
PATRONS_FAE_UBTAO.1.c;Thard Harr, god of wild dwarves and survival.;;;;;;;;;;;x
PATRONS_FAE_UBTAO.1.d;There are others...;;;;;;;;;;;x
PATRONS_FAE_UBTAO.2.desc;Although the people of Faerûn honour many gods, you may choose to devote yourself to one of them in particular.;;;;;;;;;;;x
PATRONS_FAE_UBTAO.2.a;[Root.SsethLoc], god of traps, poison and murder.;;;;;;;;;;;x
PATRONS_FAE_UBTAO.2.b;[Root.SetLoc], god of night and betrayal.;;;;;;;;;;;x
PATRONS_FAE_UBTAO.2.c;There are others...;;;;;;;;;;;x
###MAZTICA;;;;;;;;;;;;x
patrons_fae_maztica;Choose a Patron Deity;;;;;;;;;;;x
patrons_fae_maztica_desc;Although the people of Maztica honour many gods, you may choose to devote yourself to one of them in particular.;;;;;;;;;;;x
PATRONS_FAE_MAZTICA.1.desc;Although the people of Maztica honour many gods, you may choose to devote yourself to one of them in particular.;;;;;;;;;;;x
PATRONS_FAE_MAZTICA.1.a;Maztica, goddess of the earth, life and the Maztican continent.;;;;;;;;;;;x
PATRONS_FAE_MAZTICA.1.b;Qotal, god of creation and freedom.;;;;;;;;;;;x
PATRONS_FAE_MAZTICA.1.c;Zaltec, god of war and violence.;;;;;;;;;;;x
PATRONS_FAE_MAZTICA.1.d;There are others...;;;;;;;;;;;x
PATRONS_FAE_MAZTICA.2.desc;Although the people of Maztica honour many gods, you may choose to devote yourself to one of them in particular.;;;;;;;;;;;x
PATRONS_FAE_MAZTICA.2.a;Azul, god of rain and water.;;;;;;;;;;;x
PATRONS_FAE_MAZTICA.2.b;Plutoq, god of mountains and stone.;;;;;;;;;;;x
PATRONS_FAE_MAZTICA.2.c;Tezca, god of the sun, fire and heat.;;;;;;;;;;;x
PATRONS_FAE_MAZTICA.2.d;There are others...;;;;;;;;;;;x
PATRONS_FAE_MAZTICA.3.desc;Although the people of Maztica honour many gods, you may choose to devote yourself to one of them in particular.;;;;;;;;;;;x
PATRONS_FAE_MAZTICA.3.a;Eha, goddess of wind and air.;;;;;;;;;;;x
PATRONS_FAE_MAZTICA.3.b;Kiltzi, goddess of love and fertility.;;;;;;;;;;;x
PATRONS_FAE_MAZTICA.3.c;Watil, goddess of plants and agriculture.;;;;;;;;;;;x
PATRONS_FAE_MAZTICA.3.d;There are others...;;;;;;;;;;;x
PATRONS_FAE_MAZTICA.4.desc;Although the people of Maztica honour many gods, you may choose to devote yourself to one of them in particular.;;;;;;;;;;;x
PATRONS_FAE_MAZTICA.4.a;Nula, goddess of animals.;;;;;;;;;;;x
PATRONS_FAE_MAZTICA.4.b;There are others...;;;;;;;;;;;x
###ABYSS;;;;;;;;;;;;x
patrons_fae_abyss;Choose a Patron Deity;;;;;;;;;;;x
patrons_fae_abyss_desc;Although the people of Faerûn honour many gods, you may choose to devote yourself to one of them in particular.;;;;;;;;;;;x
PATRONS_FAE_ABYSS.1.desc;Although the people of Faerûn honour many gods, you may choose to devote yourself to one of them in particular.;;;;;;;;;;;x
PATRONS_FAE_ABYSS.1.a;Demogorgon, Prince of Demons.;;;;;;;;;;;x
PATRONS_FAE_ABYSS.1.b;Orcus, Lord of the Undead.;;;;;;;;;;;x
PATRONS_FAE_ABYSS.1.c;Pazuzu, the Dark Angel of the Four Winds.;;;;;;;;;;;x
PATRONS_FAE_ABYSS.1.d;There are others...;;;;;;;;;;;x
PATRONS_FAE_ABYSS.2.desc;Although the people of Faerûn honour many gods, you may choose to devote yourself to one of them in particular.;;;;;;;;;;;x
PATRONS_FAE_ABYSS.2.a;Graz'zt, the Dark Prince.;;;;;;;;;;;x
PATRONS_FAE_ABYSS.2.b;Baphomet, the Horned King.;;;;;;;;;;;x
PATRONS_FAE_ABYSS.2.c;Yeenoghu, the Beast of Butchery.;;;;;;;;;;;x
PATRONS_FAE_ABYSS.2.d;There are others...;;;;;;;;;;;x
PATRONS_FAE_ABYSS.3.desc;Although the people of Faerûn honour many gods, you may choose to devote yourself to one of them in particular.;;;;;;;;;;;x
PATRONS_FAE_ABYSS.3.a;Fraz-Urb'luu, the Prince of Deception.;;;;;;;;;;;x
PATRONS_FAE_ABYSS.3.b;Eltab, the Lord of the Hidden Layer.;;;;;;;;;;;x
PATRONS_FAE_ABYSS.3.c;Sess'innek, god of civilization and domination.;;;;;;;;;;;x
PATRONS_FAE_ABYSS.3.d;There are others...;;;;;;;;;;;x
PATRONS_FAE_ABYSS.4.desc;Although the people of Faerûn honour many gods, you may choose to devote yourself to one of them in particular.;;;;;;;;;;;x
PATRONS_FAE_ABYSS.4.a;Zuggtmoy, the Lady of Rot and Decay.;;;;;;;;;;;x
PATRONS_FAE_ABYSS.4.b;[Root.SsethLoc], god of traps, poison and murder.;;;;;;;;;;;x
PATRONS_FAE_ABYSS.4.c;[Root.SetLoc], god of night and betrayal.;;;;;;;;;;;x
PATRONS_FAE_ABYSS.4.d;There are others...;;;;;;;;;;;x
PATRONS_FAE_ABYSS.5.desc;Although the people of Faerûn honour many gods, you may choose to devote yourself to one of them in particular.;;;;;;;;;;;x
PATRONS_FAE_ABYSS.5.a;Juiblex, god of oozes and rebels.;;;;;;;;;;;x
PATRONS_FAE_ABYSS.5.b;There are others...;;;;;;;;;;;x
###TRIADIC;;;;;;;;;;;;x
patrons_fae_triadic;Choose a Patron Deity;;;;;;;;;;;x
patrons_fae_triadic_desc;Although the people of Faerûn honour many gods, you may choose to devote yourself to one of them in particular.;;;;;;;;;;;x
PATRONS_FAE_TRIAD.1.desc;Although the people of Faerûn honour many gods, you may choose to devote yourself to one of them in particular.;;;;;;;;;;;x
PATRONS_FAE_OTHERS;There are others...;;;;;;;;;;;x
###ARCANE;;;;;;;;;;;;x
patrons_fae_arcane;Choose a Patron Deity;;;;;;;;;;;x
patrons_fae_arcane_desc;Although the people of Faerûn honour many gods, you may choose to devote yourself to one of them in particular.;;;;;;;;;;;x
PATRONS_FAE_ARCANE.1.desc;Although the people of Faerûn honour many gods, you may choose to devote yourself to one of them in particular.;;;;;;;;;;;x
###RASALLESIAN;;;;;;;;;;;;x
patrons_fae_rasallesian;Choose a Patron Deity;;;;;;;;;;;x
patrons_fae_rasallesian_desc;Although the people of Faerûn honour many gods, you may choose to devote yourself to one of them in particular.;;;;;;;;;;;x
PATRONS_FAE_RAS.1.desc;Although the people of Faerûn honour many gods, you may choose to devote yourself to one of them in particular.;;;;;;;;;;;x
###CHESSIC;;;;;;;;;;;;x
patrons_fae_chessic;Choose a Patron Deity;;;;;;;;;;;x
patrons_fae_chessic_desc;Although the people of Faerûn honour many gods, you may choose to devote yourself to one of them in particular.;;;;;;;;;;;x
PATRONS_FAE_CHESSIC.1.desc;Although the people of Faerûn honour many gods, you may choose to devote yourself to one of them in particular.;;;;;;;;;;;x
###MERCANTILE;;;;;;;;;;;;x
patrons_fae_mercantile;Choose a Patron Deity;;;;;;;;;;;x
patrons_fae_mercantile_desc;Although the people of Faerûn honour many gods, you may choose to devote yourself to one of them in particular.;;;;;;;;;;;x
PATRONS_FAE_MERC.1.desc;Although the people of Faerûn honour many gods, you may choose to devote yourself to one of them in particular.;;;;;;;;;;;x
###INVENTIVE;;;;;;;;;;;;x
patrons_fae_inventive;Choose a Patron Deity;;;;;;;;;;;x
patrons_fae_inventive_desc;Although the people of Faerûn honour many gods, you may choose to devote yourself to one of them in particular.;;;;;;;;;;;x
PATRONS_FAE_INVENT.1.desc;Although the people of Faerûn honour many gods, you may choose to devote yourself to one of them in particular.;;;;;;;;;;;x
###JOYFUL;;;;;;;;;;;;x
patrons_fae_joyful;Choose a Patron Deity;;;;;;;;;;;x
patrons_fae_joyful_desc;Although the people of Faerûn honour many gods, you may choose to devote yourself to one of them in particular.;;;;;;;;;;;x
PATRONS_FAE_JOY.1.desc;Although the people of Faerûn honour many gods, you may choose to devote yourself to one of them in particular.;;;;;;;;;;;x
###SOLAR;;;;;;;;;;;;x
patrons_fae_solar;Choose a Patron Deity;;;;;;;;;;;x
patrons_fae_solar_desc;Although the people of Faerûn honour many gods, you may choose to devote yourself to one of them in particular.;;;;;;;;;;;x
PATRONS_FAE_SOLAR.1.desc;Although the people of Faerûn honour many gods, you may choose to devote yourself to one of them in particular.;;;;;;;;;;;x
###LAPAL;;;;;;;;;;;;x
patrons_fae_lapal_faith;Choose a Patron Deity;;;;;;;;;;;x
patrons_fae_lapal_faith_desc;Although the people of Faerûn honour many gods, you may choose to devote yourself to one of them in particular.;;;;;;;;;;;x
PATRONS_FAE_LAPAL.1.desc;Although the people of Faerûn honour many gods, you may choose to devote yourself to one of them in particular.;;;;;;;;;;;x
###DEAD THREE;;;;;;;;;;;;x
patrons_fae_dead_three;Choose a Patron Deity;;;;;;;;;;;x
patrons_fae_dead_three_desc;Although the people of Faerûn honour many gods, you may choose to devote yourself to one of them in particular.;;;;;;;;;;;x
PATRONS_FAE_DEAD.1.desc;Although the people of Faerûn honour many gods, you may choose to devote yourself to one of them in particular.;;;;;;;;;;;x
###SHADOW GODS;;;;;;;;;;;;x
patrons_fae_shadow_gods;Choose a Patron Deity;;;;;;;;;;;x
patrons_fae_shadow_gods_desc;Although the people of Faerûn honour many gods, you may choose to devote yourself to one of them in particular.;;;;;;;;;;;x
PATRONS_FAE_SHADOW.1.desc;Although the people of Faerûn honour many gods, you may choose to devote yourself to one of them in particular.;;;;;;;;;;;x
###SCALE CULT;;;;;;;;;;;;x
patrons_fae_scale_cult;Choose a Patron Deity;;;;;;;;;;;x
patrons_fae_scale_cult_desc;Although the people of Faerûn honour many gods, you may choose to devote yourself to one of them in particular.;;;;;;;;;;;x
PATRONS_FAE_SCALE.1.desc;Although the people of Faerûn honour many gods, you may choose to devote yourself to one of them in particular.;;;;;;;;;;;x
###NATURAL;;;;;;;;;;;;x
patrons_fae_natural;Choose a Patron Deity;;;;;;;;;;;x
patrons_fae_natural_desc;Although the people of Faerûn honour many gods, you may choose to devote yourself to one of them in particular.;;;;;;;;;;;x
PATRONS_FAE_NATURAL.1.desc;Although the people of Faerûn honour many gods, you may choose to devote yourself to one of them in particular.;;;;;;;;;;;x
###PRIMORDIAL;;;;;;;;;;;;x
patrons_fae_primordial;Choose a Patron Deity;;;;;;;;;;;x
patrons_fae_primordial_desc;Although the people of Faerûn honour many gods, you may choose to devote yourself to one of them in particular.;;;;;;;;;;;x
PATRONS_FAE_PRIMO.1.desc;Although the people of Faerûn honour many gods, you may choose to devote yourself to one of them in particular.;;;;;;;;;;;x
###MARTIAL;;;;;;;;;;;;x
patrons_fae_martial_faith;Choose a Patron Deity;;;;;;;;;;;x
patrons_fae_martial_faith_desc;Although the people of Faerûn honour many gods, you may choose to devote yourself to one of them in particular.;;;;;;;;;;;x
PATRONS_FAE_MARTIAL.1.desc;Although the people of Faerûn honour many gods, you may choose to devote yourself to one of them in particular.;;;;;;;;;;;x
###ADAMA
patrons_fae_adama;Choose a Patron Deity;;;;;;;;;;;x
patrons_fae_adama_desc;Although the people of Faerûn honour many gods, you may choose to devote yourself to one of them in particular.;;;;;;;;;;;x
PATRONS_FAE_ADAMA.1.desc;Although the people of Faerûn honour many gods, you may choose to devote yourself to one of them in particular.;;;;;;;;;;;x
